player_id,source_file_id,ROLE_mean,PTS_mean,REB_mean,AST_mean,STL_mean,BLK_mean,TOV_mean,FG3M_mean,FGM_mean,FGA_mean,FTM_mean,FTA_mean,FG%_mean,FT%_mean,games_played_mean,ROLE_ci_lo,ROLE_ci_hi,PTS_ci_lo,PTS_ci_hi,REB_ci_lo,REB_ci_hi,AST_ci_lo,AST_ci_hi,STL_ci_lo,STL_ci_hi,BLK_ci_lo,BLK_ci_hi,TOV_ci_lo,TOV_ci_hi,FG3M_ci_lo,FG3M_ci_hi,FGM_ci_lo,FGM_ci_hi,FGA_ci_lo,FGA_ci_hi,FTM_ci_lo,FTM_ci_hi,FTA_ci_lo,FTA_ci_hi,FG%_ci_lo,FG%_ci_hi,FT%_ci_lo,FT%_ci_hi,games_played_ci_lo,games_played_ci_hi
Malik Beasley,beaslma01,65.04485365853658,51.30965853658537,11.53839024390244,6.039207317073171,3.374,0.3789390243902439,3.7434634146341454,12.512414634146342,17.923756097560975,41.91668292682928,3.170573170731707,5.08140243902439,0.427669833140257,0.6236310810134053,78.994,60.95121951219512,69.35975609756098,45.77530487804879,57.45121951219512,10.073170731707318,13.01829268292683,5.121951219512195,6.959451219512194,2.8149390243902443,3.969512195121952,0.2134146341463415,0.5975609756097562,3.073170731707317,4.441158536585364,10.841463414634148,14.0875,15.745731707317075,20.48780487804878,38.2844512195122,45.58536585365854,2.3902439024390247,4.182926829268293,4.01219512195122,6.189024390243903,0.3858045612923662,0.4685440232813553,0.5207916666666667,0.7357706766917294,76.0,81.0
Bol Bol,bolbo01,23.824670731707315,16.954768292682928,8.597024390243904,1.575939024390244,0.8186585365853659,2.0456219512195126,1.809756097560976,1.993890243902439,6.641719512195123,12.18939024390244,1.4886951219512197,2.19919512195122,0.5442609594506018,0.6783960378559205,47.112,18.347256097560976,29.801219512195114,12.416463414634148,21.98810975609756,6.0182926829268295,11.481707317073171,1.064939024390244,2.176829268292683,0.5121951219512195,1.1951219512195124,1.3658536585365857,2.774390243902439,1.1929878048780491,2.475609756097561,1.3658536585365857,2.689024390243903,4.564939024390244,8.963414634146343,8.75,15.886585365853652,0.8942073170731709,2.1341463414634148,1.451219512195122,2.9878048780487805,0.4472077051926298,0.6335985377916352,0.5126032159930465,0.8333333333333334,40.0,54.04999999999996
Brandon Boston Jr.,bostobr01,29.548024390243903,18.74267073170732,5.388719512195123,3.283,1.926878048780488,0.5194512195121952,2.376841463414635,1.9156951219512195,7.024329268292684,16.27790243902439,2.8932195121951216,4.042841463414634,0.431177753290981,0.7153336484886342,40.074,22.56646341463415,36.579268292682926,13.314939024390243,24.42530487804877,3.841463414634146,7.04481707317073,2.2195121951219514,4.441158536585364,1.3231707317073171,2.5609756097560976,0.2987804878048781,0.7682926829268293,1.579268292682927,3.246036585365852,1.2804878048780488,2.603658536585366,4.778353658536586,9.477743902439023,11.86158536585366,20.66067073170732,1.920731707317073,4.01219512195122,2.859756097560976,5.2926829268292686,0.346589405964406,0.5170185653309021,0.5810393727060393,0.8353102336825141,33.0,47.04999999999996
Miles Bridges,bridgmi01,87.12780487804878,61.96289024390244,12.690146341463414,12.37489024390244,3.566756097560976,2.1151951219512197,6.035024390243902,7.571695121951219,23.698158536585368,49.81063414634146,7.727231707317074,9.910292682926832,0.4758829499180732,0.7799192044014653,79.982,81.26829268292684,92.46189024390245,55.52408536585366,68.60213414634146,10.926829268292684,14.51219512195122,10.628048780487806,14.002134146341463,2.9878048780487805,4.185060975609755,1.707317073170732,2.563109756097559,5.036585365853659,6.916768292682925,6.487804878048781,8.709451219512193,20.914634146341463,26.59146341463415,45.1564024390244,54.550914634146345,6.231707317073171,9.347560975609756,8.15030487804878,11.782621951219513,0.4359155574161321,0.5179906201925536,0.7111507534048102,0.8435097025448196,77.0,82.0
Oshae Brissett,brissos01,19.64865853658537,12.168646341463417,6.3396951219512205,1.4752926829268291,1.096268292682927,0.7741829268292684,1.853378048780488,1.456,4.216731707317074,9.07840243902439,2.398780487804878,4.18659756097561,0.4640619140818048,0.5742619699063177,34.81,14.298780487804878,25.016463414634146,8.022256097560977,16.26219512195122,4.394207317073171,8.621951219512196,0.9795731707317076,2.048780487804878,0.6829268292682927,1.5365853658536586,0.4695121951219512,1.1097560975609757,1.1929878048780491,2.603658536585366,0.9817073170731708,2.00609756097561,2.518292682926829,5.892378048780486,6.314939024390244,11.951219512195122,1.4085365853658538,3.5000000000000004,2.817073170731708,5.719512195121951,0.3533613445378151,0.5697141656158049,0.4299598682856554,0.72458606083943,27.0,42.0
Malcolm Brogdon,brogdma01,35.763256097560976,23.076353658536583,6.538512195121951,7.322768292682928,1.1612317073170737,0.4653292682926829,2.686036585365854,2.343634146341464,7.908207317073171,17.870146341463418,5.016609756097561,6.104170731707318,0.4427625228327407,0.8222426341008227,39.996,28.24756097560976,43.88018292682927,17.2375,28.898475609756098,4.7804878048780495,8.579268292682928,5.375914634146342,9.435060975609757,0.7256097560975611,1.579268292682927,0.2560975609756097,0.6829268292682927,1.91859756097561,3.542682926829269,1.579268292682927,3.158536585365854,5.548780487804878,10.246036585365852,13.44298780487805,22.451219512195124,3.542682926829269,6.703353658536584,4.2682926829268295,8.067073170731708,0.3715692284999147,0.5151893939393939,0.7395738636363637,0.8927284812229976,32.0,47.0
Moses Brown,brownmo01,10.126012195121952,7.093475609756098,5.114609756097561,0.3744146341463414,0.5759634146341464,0.5337926829268294,1.0231951219512196,0.0,2.898768292682928,4.650646341463415,1.0365975609756095,2.0195,0.6237718364809635,0.5102198232181075,25.776,6.445121951219512,13.921036585365847,4.097560975609756,10.5875,3.073170731707317,7.810975609756098,0.1707317073170731,0.6402439024390244,0.2560975609756097,0.9390243902439024,0.2560975609756097,0.853658536585366,0.5548780487804879,1.5365853658536586,0.0,0.0,1.4939024390243902,4.609756097560976,2.603658536585366,6.959451219512194,0.3841463414634146,1.7926829268292683,1.1503048780487808,3.073170731707317,0.4606492989957244,0.7789908256880733,0.2900921658986175,0.7317886178861788,19.0,33.0
Alec Burks,burksal01,28.452097560975613,21.92707317073171,6.429841463414634,3.456463414634147,1.5623658536585368,0.4768536585365854,1.9820243902439023,4.712792682926829,6.664170731707318,16.212085365853657,3.722378048780488,4.956512195121952,0.4111534853996954,0.751380268830829,56.008,23.341158536585368,33.638414634146336,16.770121951219515,27.103658536585368,4.949085365853659,8.195121951219512,2.5609756097560976,4.439024390243903,1.1097560975609757,2.0082317073170715,0.2560975609756097,0.7256097560975611,1.451219512195122,2.5609756097560976,3.414634146341464,5.935060975609755,4.7804878048780495,8.79481707317073,12.503963414634148,20.02042682926829,2.5609756097560976,4.908536585365854,3.5405487804878053,6.402439024390245,0.3371781055019852,0.4855292003698384,0.6338988095238095,0.8614136428083808,49.0,63.0
Jared Butler,butleja02,32.82376829268293,19.62629268292683,3.9296463414634144,7.715792682926831,2.0035365853658536,0.5258536585365853,3.197634146341464,2.623036585365854,7.520817073170733,16.311024390243904,1.995,2.895865853658537,0.4599954914063959,0.688432386293581,47.652,25.43689024390244,40.256402439024384,14.507926829268294,25.52439024390244,2.731707317073171,5.164634146341464,5.672560975609756,9.817073170731708,1.4085365853658538,2.689024390243903,0.2987804878048781,0.8109756097560976,2.302743902439025,4.097560975609756,1.8353658536585369,3.5000000000000004,5.205182926829269,10.07530487804878,11.863719512195123,20.662804878048775,1.2804878048780488,2.819207317073169,2.046646341463415,3.843597560975608,0.3695965407818112,0.5396927317958716,0.5320602556299452,0.820111111111111,40.0,55.0
Vlatko Čančar,cancavl01,8.515926829268293,4.247975609756098,3.932207317073171,1.4062317073170734,0.520219512195122,0.3346341463414635,1.2987560975609755,0.7240731707317074,1.6286951219512196,3.7449146341463417,0.2770975609756098,0.4397195121951219,0.4331816182213772,0.6297248110088264,30.252,5.41859756097561,11.953353658536583,2.2621951219512195,6.487804878048781,2.2195121951219514,5.847560975609756,0.7256097560975611,2.1341463414634148,0.2560975609756097,0.853658536585366,0.1280487804878048,0.5548780487804879,0.6829268292682927,1.920731707317073,0.3841463414634146,1.1097560975609757,0.7256097560975611,2.689024390243903,2.1341463414634148,5.719512195121951,0.0853658536585365,0.5121951219512195,0.1707317073170731,0.7256097560975611,0.2783460331689825,0.5937726449275362,0.2727272727272727,1.0,23.0,38.0
Julian Champagnie,champju01,26.840475609756098,15.463853658536587,9.7265,2.5976829268292687,1.835878048780488,1.2174024390243905,1.5551951219512192,2.1995365853658537,6.068829268292684,12.891012195121952,1.4062317073170734,2.266548780487805,0.4697809662571176,0.6191934000051785,43.068,20.869817073170733,33.71951219512195,11.225609756097562,20.746036585365854,6.957317073170732,13.020426829268292,1.8353658536585369,3.414634146341464,1.1951219512195124,2.4350609756097543,0.8109756097560976,1.6646341463414636,0.9817073170731708,2.1341463414634148,1.451219512195122,2.9878048780487805,3.884146341463415,8.664634146341465,9.217378048780487,17.160670731707317,0.8109756097560976,2.05091463414634,1.451219512195122,3.073170731707317,0.3681952786119453,0.5690056134723336,0.4411515453639082,0.7702813469206912,36.0,50.0
Josh Christopher,chrisjo01,9.246743902439023,5.760829268292683,1.4363658536585366,1.4244146341463415,1.0261829268292684,0.5344756097560975,1.008,0.3832073170731708,2.308378048780488,5.484073170731707,0.6951341463414635,1.1296463414634148,0.4230213384564297,0.6171883643584821,31.032,5.83689024390244,13.065243902439022,3.1158536585365857,8.792682926829269,0.766158536585366,2.2195121951219514,0.7682926829268293,2.221646341463413,0.5121951219512195,1.6219512195121952,0.2560975609756097,0.8963414634146342,0.5121951219512195,1.579268292682927,0.1707317073170731,0.6402439024390244,0.9817073170731708,3.758231707317072,3.071036585365854,8.410670731707315,0.339329268292683,1.152439024390244,0.5975609756097562,1.7521341463414617,0.252678196120819,0.5834429824561402,0.4,0.8333333333333334,23.950000000000003,38.04999999999996
Torrey Craig,craigto01,17.931439024390244,10.884829268292684,7.203426829268293,2.021378048780488,1.0643414634146342,1.2598292682926828,1.1871829268292686,2.386743902439025,3.743463414634147,8.517890243902439,0.8931829268292684,1.4266341463414636,0.4389513407689451,0.6271447948064263,45.748,14.085365853658535,21.94115853658537,7.597560975609756,13.959451219512196,5.288414634146342,9.26219512195122,1.4064024390243903,2.731707317073171,0.6829268292682927,1.4939024390243902,0.8515243902439027,1.7500000000000002,0.7682926829268293,1.6646341463414636,1.6646341463414636,3.2012195121951224,2.432926829268293,5.207317073170732,6.272256097560976,10.969512195121952,0.5121951219512195,1.2804878048780488,0.8963414634146342,1.920731707317073,0.3412213073579837,0.5413065871509892,0.457012987012987,0.8,39.0,53.0
Jae Crowder,crowdja01,8.67129268292683,5.512073170731708,3.313304878048781,1.208268292682927,0.6701219512195123,0.1623658536585366,0.6651707317073171,1.0791951219512197,1.7722804878048783,4.31968292682927,0.957719512195122,1.372,0.4112312486031111,0.6995889764197286,28.122,5.760060975609757,11.99390243902439,3.1137195121951224,8.152439024390244,2.046646341463415,4.739939024390242,0.6829268292682927,1.7926829268292683,0.3414634146341463,1.024390243902439,0.0426829268292682,0.2987804878048781,0.3414634146341463,1.024390243902439,0.5975609756097562,1.579268292682927,0.853658536585366,2.819207317073169,2.5609756097560976,6.319207317073169,0.426829268292683,1.53871951219512,0.6829268292682927,2.176829268292683,0.2744533784736916,0.5680883720930231,0.5,0.8711693548387095,21.0,35.0
Johnny Davis,davisjo06,12.830743902439028,7.647414634146342,3.4796829268292684,1.4069146341463414,1.088158536585366,0.5925243902439025,0.798,0.84,3.0722317073170733,7.330536585365855,0.8565609756097561,1.558439024390244,0.4189655936474555,0.5488706838049461,41.832,9.43079268292683,16.313414634146334,5.079268292682928,10.201219512195122,2.2195121951219514,4.823170731707317,0.853658536585366,1.9634146341463417,0.6829268292682927,1.5365853658536586,0.2987804878048781,0.8963414634146342,0.426829268292683,1.1545731707317055,0.5121951219512195,1.2378048780487805,1.7051829268292686,4.567073170731708,4.908536585365854,9.98780487804878,0.426829268292683,1.3658536585365857,0.9817073170731708,2.2195121951219514,0.2837789917577151,0.5454844497607655,0.3636363636363636,0.75,34.0,49.04999999999996
Terence Davis,daviste02,4.279646341463415,2.360536585365854,1.3451951219512197,1.0564878048780488,0.2141829268292683,0.0557439024390243,0.3055243902439024,0.4942682926829269,0.7945,2.8257804878048782,0.1965121951219512,0.3255853658536585,0.2815800487031286,0.6036720571396268,22.892,2.518292682926829,6.06310975609756,1.064939024390244,4.01219512195122,0.6829268292682927,2.093597560975608,0.5121951219512195,1.579268292682927,0.0426829268292682,0.426829268292683,0.0,0.1280487804878048,0.0853658536585365,0.5548780487804879,0.2134146341463415,0.853658536585366,0.2560975609756097,1.4939024390243902,1.4939024390243902,4.310975609756098,0.0426829268292682,0.3841463414634146,0.1280487804878048,0.5975609756097562,0.1153846153846153,0.4727751196172248,0.25,1.0,16.0,30.0
Spencer Dinwiddie,dinwisp01,67.56528048780488,40.6309024390244,9.575231707317077,16.45768292682927,3.1844878048780494,1.114621951219512,4.740707317073171,5.560304878048781,12.95606097560976,31.092548780487807,8.743256097560977,11.368597560975612,0.4166319491036797,0.7692069890509965,76.122,60.1829268292683,74.82530487804878,33.676829268292686,47.72164634146342,7.853658536585367,11.270426829268292,13.741768292682927,19.166768292682924,2.475609756097561,3.884146341463415,0.7682926829268293,1.4939024390243902,3.841463414634146,5.676829268292683,4.609756097560976,6.5304878048780495,10.369817073170733,15.664634146341465,26.79634146341464,35.98170731707317,7.000000000000001,10.672865853658536,9.345426829268291,13.660670731707317,0.362993325313361,0.4711552316559521,0.6942013636477578,0.8356505630575732,72.0,80.0
Jeff Dowtin Jr.,dowtije01,16.689621951219515,10.928621951219514,2.856170731707317,3.771463414634147,1.2045975609756097,0.5063902439024389,0.825829268292683,1.3201829268292686,4.163378048780488,8.38139024390244,1.1619146341463416,1.821109756097561,0.4983597139190115,0.6376279201620731,35.0,11.818902439024392,22.23780487804878,7.000000000000001,15.197256097560974,1.8353658536585369,4.140243902439025,2.4734756097560977,5.25,0.7256097560975611,1.707317073170732,0.2560975609756097,0.7682926829268293,0.4695121951219512,1.2378048780487805,0.7682926829268293,1.920731707317073,2.644207317073171,6.191158536585364,5.585060975609757,11.953353658536583,0.6402439024390244,1.8353658536585369,1.1097560975609757,2.603658536585366,0.3780458629945151,0.6199052338723698,0.4544596912521441,0.8205128205128205,28.0,43.0
PJ Dozier,doziepj01,2.242987804878049,1.3006341463414632,0.8324024390243904,0.8636463414634146,0.2986951219512195,0.0110121951219512,0.2336463414634146,0.2929756097560976,0.485219512195122,1.0528170731707318,0.2682195121951219,0.9705243902439026,0.4611547287531335,0.2791604567573182,18.78,1.1929878048780491,3.5000000000000004,0.5975609756097562,2.136280487804876,0.3414634146341463,1.3658536585365857,0.3841463414634146,1.4533536585365836,0.0853658536585365,0.5548780487804879,0.0,0.0426829268292682,0.0426829268292682,0.426829268292683,0.0853658536585365,0.5121951219512195,0.1280487804878048,0.9817073170731708,0.426829268292683,1.7500000000000002,0.0426829268292682,0.5548780487804879,0.4695121951219512,1.579268292682927,0.1997560975609756,0.7503787878787875,0.0625,0.5384615384615384,12.950000000000005,25.0
Chris Duarte,duartch01,9.420719512195122,7.479158536585366,3.444853658536585,1.6999756097560976,0.5324268292682928,0.1764512195121951,0.6342682926829268,1.318560975609756,2.368390243902439,5.682548780487805,1.3356341463414636,1.9080975609756097,0.4154211873189432,0.6995352308000579,38.122,6.573170731707317,12.676829268292684,4.695121951219512,10.542682926829269,2.2195121951219514,4.823170731707317,1.0670731707317074,2.4350609756097543,0.2560975609756097,0.8109756097560976,0.0426829268292682,0.3414634146341463,0.3414634146341463,0.941158536585364,0.8109756097560976,2.00609756097561,1.152439024390244,3.7155487804878033,3.414634146341464,7.855792682926828,0.7256097560975611,2.091463414634146,1.0670731707317074,2.774390243902439,0.2659804753820033,0.5659101522368544,0.5263157894736842,0.8810224089635853,31.0,45.0
David Duke Jr.,dukeda01,4.7658048780487805,3.564536585365854,1.364317073170732,0.8864390243902439,0.296048780487805,0.0011097560975609,0.5215,0.5498414634146341,1.369780487804878,2.8314146341463418,0.3669878048780488,0.5822804878048781,0.4847524508428752,0.6267999776623449,17.03,2.432926829268293,7.341463414634147,1.451219512195122,6.020426829268291,0.5121951219512195,2.304878048780488,0.3820121951219513,1.4533536585365836,0.0853658536585365,0.5548780487804879,0.0,0.0,0.2134146341463415,0.9390243902439024,0.2134146341463415,0.9817073170731708,0.5121951219512195,2.4350609756097543,1.2783536585365856,4.737804878048781,0.0853658536585365,0.7256097560975611,0.2112804878048781,1.0265243902439003,0.2665277777777778,0.7142857142857143,0.2992857142857143,0.9333333333333332,11.0,23.0
Kessler Edwards,edwarke02,17.046536585365853,10.309719512195125,5.989268292682928,2.30829268292683,1.176,1.047780487804878,0.9053902439024392,1.6784634146341464,3.832670731707317,8.10378048780488,0.8087560975609758,1.1352804878048783,0.4728354266600065,0.7122287284935258,46.192,12.93079268292683,21.215548780487804,6.997865853658538,13.78871951219512,4.140243902439025,8.152439024390244,1.5365853658536586,3.1158536585365857,0.7682926829268293,1.579268292682927,0.6807926829268295,1.451219512195122,0.5975609756097562,1.239939024390242,1.0670731707317074,2.2195121951219514,2.432926829268293,5.2926829268292686,5.802743902439025,10.416768292682926,0.4695121951219512,1.2378048780487805,0.7256097560975611,1.579268292682927,0.3549748677248677,0.5876715876715874,0.5216521739130434,0.8695652173913043,39.0,53.0
Bruno Fernando,fernabr01,12.887939024390246,6.620634146341464,5.348426829268293,1.7858536585365854,0.5594024390243904,1.1016463414634148,1.4826341463414636,0.0,2.7224024390243904,5.014987804878048,1.1741219512195122,1.9162926829268292,0.5432463885949874,0.6137570457312158,34.31,9.129878048780489,17.036890243902434,4.394207317073171,9.219512195121952,3.4551829268292686,7.431097560975607,1.024390243902439,2.603658536585366,0.2987804878048781,0.8109756097560976,0.6402439024390244,1.6219512195121952,0.9368902439024392,2.1341463414634148,0.0,0.0,1.579268292682927,4.054878048780488,3.241768292682927,7.000000000000001,0.6381097560975612,1.7926829268292683,1.152439024390244,2.774390243902439,0.3959616226470159,0.6797739214601769,0.4330952380952381,0.7951282051282048,27.0,41.04999999999996
Malachi Flynn,flynnma01,14.7514756097561,8.308487804878048,3.107573170731708,3.0491829268292685,1.2306341463414634,0.072560975609756,1.525317073170732,1.0223414634146344,2.7101097560975616,6.751926829268292,1.686573170731707,2.4054390243902444,0.4004943266141878,0.7014693428537774,34.756,10.329268292682928,19.465548780487804,5.461280487804879,11.739939024390242,1.9634146341463417,4.396341463414634,1.9634146341463417,4.31310975609756,0.7256097560975611,1.7500000000000002,0.0,0.1707317073170731,0.9390243902439024,2.1341463414634148,0.5975609756097562,1.4939024390243902,1.451219512195122,4.2682926829268295,4.182926829268293,9.650609756097555,0.9390243902439024,2.563109756097559,1.451219512195122,3.457317073170732,0.2710104701004848,0.5267453157529493,0.5311160714285714,0.8548503973819542,27.0,42.0
Richaun Holmes,holmeri01,19.135012195121952,12.20390243902439,9.386487804878048,1.978439024390244,0.5855243902439025,1.2509512195121952,1.3412682926829271,0.0379024390243902,4.73840243902439,7.797317073170732,2.231719512195122,3.0988658536585367,0.607111454164951,0.7215569816928221,39.9,14.341463414634148,24.203353658536585,8.451219512195122,16.176829268292686,6.528353658536586,12.634146341463415,1.3231707317073171,2.6911585365853643,0.3414634146341463,0.853658536585366,0.8109756097560976,1.7500000000000002,0.853658536585366,1.837499999999998,0.0,0.1280487804878048,3.1564024390243905,6.617987804878047,5.461280487804879,10.246036585365852,1.4490853658536589,3.030487804878049,2.048780487804878,4.225609756097561,0.4947647270114942,0.705905695611578,0.5868294748729532,0.8429017857142856,33.0,48.0
Talen Horton-Tucker,hortota01,31.767621951219517,21.385256097560976,5.6135731707317085,6.10690243902439,1.6215243902439025,0.905560975609756,2.819378048780488,2.468268292682927,7.414280487804879,17.083414634146344,3.9653292682926833,5.669487804878048,0.4342465743861246,0.6993342927381964,58.074,25.432621951219517,37.90457317073171,15.613414634146343,27.630792682926817,4.225609756097561,7.128048780487806,4.479573170731708,7.939024390243903,1.1097560975609757,2.176829268292683,0.5954268292682929,1.2378048780487805,2.048780487804878,3.713414634146342,1.707317073170732,3.246036585365852,5.247865853658537,10.032621951219513,12.632012195121952,21.94115853658537,2.689024390243903,5.25,4.01219512195122,7.426829268292684,0.350689675018225,0.5206643387948785,0.5813854104551779,0.8051948051948052,52.0,64.0
Reggie Jackson,jacksre01,23.977817073170733,14.731670731707318,3.741926829268293,5.140731707317073,1.416817073170732,0.4007073170731707,2.240256097560976,2.362926829268293,5.612804878048782,13.4459756097561,1.406658536585366,1.9743414634146343,0.4167339660820826,0.7112842207452372,52.766,18.3109756097561,29.03506097560975,10.628048780487806,18.867987804878048,2.68689024390244,4.910670731707316,3.628048780487805,6.620121951219509,0.9817073170731708,1.878048780487805,0.1707317073170731,0.5996951219512177,1.4939024390243902,3.030487804878049,1.6646341463414636,3.073170731707317,3.798780487804878,7.597560975609756,9.90030487804878,17.160670731707317,0.853658536585366,2.048780487804878,1.321036585365854,2.689024390243903,0.3290324968539492,0.4983788395904436,0.5554093567251462,0.8401052631578946,45.0,60.0
James Johnson,johnsja01,3.0264756097560976,1.305670731707317,0.8194268292682927,0.6135243902439024,0.307829268292683,0.2396219512195121,0.5054512195121952,0.0207439024390243,0.5948292682926829,1.3644024390243903,0.1588658536585366,0.3107317073170731,0.4333164715585914,0.5118158409321799,19.76,1.790548780487805,4.569207317073169,0.6402439024390244,2.2195121951219514,0.3841463414634146,1.3231707317073171,0.2966463414634148,1.0265243902439003,0.0853658536585365,0.5548780487804879,0.0853658536585365,0.426829268292683,0.2560975609756097,0.853658536585366,0.0,0.0853658536585365,0.1707317073170731,1.1097560975609757,0.7256097560975611,2.2621951219512195,0.040548780487805,0.3414634146341463,0.1280487804878048,0.5548780487804879,0.1950432730133753,0.6674242424242417,0.1111111111111111,1.0,13.0,26.0
Keldon Johnson,johnske04,60.5049268292683,43.44754878048781,15.048890243902438,6.664768292682927,2.402878048780488,1.1631097560975612,4.055048780487805,4.615987804878049,16.011475609756097,34.170926829268296,7.080329268292682,9.676219512195123,0.4685568671956248,0.7315156380946695,70.868,53.78048780487805,67.56707317073172,36.87804878048781,50.63262195121951,12.634146341463415,17.54481707317073,5.420731707317073,8.067073170731708,1.8353658536585369,3.030487804878049,0.8109756097560976,1.5365853658536586,3.2439024390243905,4.865853658536586,3.670731707317073,5.634146341463415,13.270121951219512,18.82317073170732,29.23353658536585,39.48384146341464,5.420731707317073,8.837499999999999,7.725609756097562,11.73780487804878,0.4188409419578297,0.514078508232172,0.6526707466849851,0.8093585363165435,66.0,76.0
Kai Jones,joneska01,17.124646341463418,11.680012195121952,7.404719512195123,1.474439024390244,1.1358780487804878,1.544268292682927,1.2884268292682928,0.0834024390243902,4.758121951219513,6.748512195121951,1.4249268292682928,2.2177195121951216,0.7042382268143489,0.6423890598027872,45.564,13.144207317073173,21.59756097560976,8.02439024390244,15.453353658536583,5.121951219512195,9.81920731707317,0.9795731707317076,2.048780487804878,0.6829268292682927,1.579268292682927,0.9817073170731708,2.1341463414634148,0.8515243902439027,1.7500000000000002,0.0,0.1707317073170731,3.158536585365854,6.573170731707317,4.692987804878049,8.963414634146343,0.8109756097560976,2.0082317073170715,1.4939024390243902,3.073170731707317,0.5831386292834891,0.8143934353515191,0.4680141843971631,0.8,38.0,52.04999999999996
Cory Joseph,josepco01,16.98908536585366,9.179646341463416,3.659207317073171,4.392926829268293,1.147658536585366,0.2730853658536585,1.299268292682927,1.9358414634146344,3.24040243902439,7.87679268292683,0.9956219512195122,1.5000487804878049,0.4120268469109882,0.6625935783359537,47.966,12.93079268292683,21.215548780487804,6.357621951219513,11.953353658536583,2.518292682926829,4.908536585365854,3.1137195121951224,5.719512195121951,0.766158536585366,1.579268292682927,0.1280487804878048,0.4695121951219512,0.8109756097560976,1.7926829268292683,1.3231707317073171,2.5609756097560976,2.00609756097561,4.353658536585366,5.548780487804878,10.160670731707317,0.5548780487804879,1.4960365853658515,0.9817073170731708,2.136280487804876,0.3044565734884037,0.526188858695652,0.4666666666666667,0.8294715447154469,41.0,56.0
Braxton Key,keybr01,3.0613048780487806,1.7389878048780487,0.8382073170731708,0.2163170731707317,0.4549146341463415,0.0050365853658536,0.2111951219512195,0.0263780487804878,0.3901219512195122,1.2798048780487807,0.8228414634146343,1.5493902439024392,0.3064168454098895,0.5285586001466741,16.23,1.6219512195121952,4.524390243902439,0.8942073170731709,2.689024390243903,0.3841463414634146,1.3231707317073171,0.0832317073170733,0.3841463414634146,0.1707317073170731,0.7682926829268293,0.0,0.0426829268292682,0.0853658536585365,0.3841463414634146,0.0,0.0853658536585365,0.0853658536585365,0.853658536585366,0.5954268292682929,2.091463414634146,0.2966463414634148,1.5365853658536586,0.6829268292682927,2.518292682926829,0.08,0.5910511363636363,0.2722984562607204,0.7918269230769229,11.0,22.0
Kevin Knox,knoxke01,9.606987804878049,7.849560975609757,2.811951219512195,0.948329268292683,0.4520975609756097,0.6024268292682927,0.8663780487804879,1.0447926829268297,2.814682926829269,5.919012195121952,0.9558414634146344,1.3743902439024391,0.4750342232302277,0.6977290756738258,33.024,6.445121951219512,12.935060975609757,4.7804878048780495,11.485975609756094,1.6646341463414636,4.225609756097561,0.5121951219512195,1.4085365853658538,0.2134146341463415,0.6829268292682927,0.2987804878048781,0.9390243902439024,0.4695121951219512,1.3231707317073171,0.5975609756097562,1.6646341463414636,1.4939024390243902,4.310975609756098,3.711280487804879,8.496036585365852,0.5100609756097563,1.4939024390243902,0.7682926829268293,2.1341463414634148,0.3389649578195977,0.612437707641196,0.5,0.8801176470588234,26.0,41.0
Vit Krejci,krejcvi01,23.10776829268293,13.644536585365856,5.708585365853659,5.044865853658537,1.4325243902439024,0.8789268292682928,1.899390243902439,2.955878048780488,5.018231707317074,10.156317073170731,0.9187073170731708,1.4455,0.4941223253996595,0.6365046653929276,46.002,17.839329268292683,28.60182926829268,9.859756097560975,17.63445121951219,4.1381097560975615,7.597560975609756,3.628048780487805,6.445121951219512,0.9390243902439024,1.9634146341463417,0.5548780487804879,1.2378048780487805,1.2804878048780488,2.5609756097560976,2.048780487804878,3.886280487804876,3.2865853658536586,6.829268292682928,7.463109756097562,13.27439024390244,0.5121951219512195,1.3231707317073171,0.9390243902439024,2.00609756097561,0.3972621204278813,0.5979877611775731,0.4439613526570048,0.8085612968591691,38.95,53.0
Damion Lee,leeda03,9.70319512195122,7.634609756097562,2.3345,1.2676829268292684,0.6408414634146341,0.0175,1.0624634146341465,1.2266219512195122,2.435658536585366,6.006853658536586,1.7703170731707318,2.112719512195122,0.4051639737037069,0.8388037679788365,41.196,7.040548780487805,12.382317073170729,5.119817073170732,10.374085365853658,1.491768292682927,3.2865853658536586,0.8088414634146344,1.7926829268292683,0.3841463414634146,0.9390243902439024,0.0,0.0853658536585365,0.6829268292682927,1.5365853658536586,0.7256097560975611,1.7500000000000002,1.3231707317073171,3.6301829268292662,4.052743902439024,8.197256097560974,1.0670731707317074,2.518292682926829,1.2804878048780488,2.989939024390242,0.282175829412115,0.5294962003940331,0.711848109517601,0.9348176718092568,34.0,49.0
Alex Len,lenal01,11.072207317073172,4.508682926829269,5.285,1.960768292682927,0.5594024390243904,1.3684146341463417,1.2752804878048782,0.0355975609756097,1.7832073170731708,3.367085365853659,0.8302682926829268,1.5381219512195123,0.528847107537601,0.5397663125188932,45.918,8.408536585365853,14.170731707317074,3.073170731707317,6.146341463414634,3.5853658536585367,6.916768292682925,1.3231707317073171,2.689024390243903,0.2987804878048781,0.853658536585366,0.8942073170731709,1.920731707317073,0.8109756097560976,1.7500000000000002,0.0,0.0853658536585365,1.0670731707317074,2.6463414634146343,2.345426829268293,4.5265243902439005,0.4673780487804879,1.3231707317073171,1.0222560975609758,2.2195121951219514,0.3766094120932831,0.6795128205128205,0.3497413793103448,0.7209302325581395,39.0,53.0
Trey Lyles,lylestr01,34.030926829268296,21.100646341463417,13.280536585365851,3.9106951219512194,1.5742317073170733,1.2965365853658537,2.157536585365854,4.034731707317073,7.07239024390244,16.06696341463415,2.8703414634146345,4.409573170731708,0.4403712936006215,0.6509395336627979,67.154,29.493902439024392,38.75823170731707,16.985670731707316,25.526524390243903,10.884146341463415,15.62621951219512,2.9878048780487805,4.865853658536586,1.152439024390244,2.00609756097561,0.9390243902439024,1.707317073170732,1.6646341463414636,2.731707317073171,3.2012195121951224,4.870121951219509,5.546646341463415,8.792682926829269,13.571036585365857,19.03658536585366,2.048780487804878,3.75609756097561,3.4125000000000005,5.50609756097561,0.3650586986386911,0.5130101405997263,0.5272021943573667,0.7576777389277388,61.0,73.0
KJ Martin,martike04,27.085134146341463,17.94048780487805,8.519256097560977,3.239975609756098,1.3110487804878048,1.3591097560975614,1.973231707317073,1.1399756097560976,7.149646341463415,13.024439024390244,2.3094878048780494,3.6236097560975615,0.5493577113937248,0.637649543687701,55.884,22.36158536585366,32.3109756097561,13.528353658536586,22.664634146341463,6.69908536585366,10.542682926829269,2.432926829268293,4.057012195121949,0.9368902439024392,1.707317073170732,0.9817073170731708,1.7926829268292683,1.451219512195122,2.518292682926829,0.7682926829268293,1.53871951219512,5.41859756097561,9.219512195121952,10.115853658536588,16.304878048780488,1.5365853658536586,3.073170731707317,2.6463414634146343,4.609756097560976,0.4600164690382081,0.6309545774029168,0.4950161308265658,0.7678789198606272,49.0,62.0
Patty Mills,millspa02,12.165829268292685,8.223207317073172,1.741378048780488,1.9809146341463413,1.0109878048780487,0.1738048780487805,1.267256097560976,1.773646341463415,2.7993170731707324,7.110634146341464,1.073987804878049,1.3078902439024391,0.3937939939356469,0.8178820981327197,37.43,8.619817073170733,15.920731707317074,5.375914634146342,11.396341463414634,1.1076219512195125,2.475609756097561,1.1951219512195124,2.774390243902439,0.5975609756097562,1.4533536585365836,0.0426829268292682,0.2987804878048781,0.766158536585366,1.8353658536585369,1.1097560975609757,2.475609756097561,1.579268292682927,4.225609756097561,4.906402439024391,9.817073170731708,0.5975609756097562,1.6219512195121952,0.8109756097560976,1.920731707317073,0.2795524368105013,0.5152913752913751,0.65625,0.9460170697012802,30.0,44.04999999999996
Shake Milton,miltosh01,27.317585365853667,17.591939024390246,5.649682926829269,5.845341463414634,1.382158536585366,0.3667317073170731,2.512658536585366,2.0358048780487805,6.27729268292683,13.912414634146344,2.7096829268292684,3.819439024390245,0.4510194279421748,0.7092234668415504,58.83,21.939024390243905,32.74634146341463,13.272256097560977,22.8375,4.140243902439025,7.30091463414634,4.223475609756098,7.55701219512195,0.9390243902439024,1.8353658536585369,0.1707317073170731,0.5975609756097562,1.7926829268292683,3.3719512195121952,1.451219512195122,2.689024390243903,4.140243902439025,8.451219512195122,10.45518292682927,17.585365853658537,1.8759146341463415,3.670731707317073,2.731707317073171,5.036585365853659,0.3554076117554329,0.5474408105196502,0.5813953488372093,0.8269910644910644,52.0,66.0
Justin Minaya,minayju01,6.776853658536585,2.8871585365853663,1.9500121951219516,0.9171707317073172,0.6089146341463415,0.5173170731707317,0.6248780487804879,0.4898292682926829,1.172670731707317,3.276939024390244,0.1295853658536585,0.4004512195121951,0.3575812649776231,0.3262664664129935,27.084,4.477439024390245,9.307012195121947,1.6646341463414636,4.310975609756098,1.152439024390244,2.859756097560976,0.5121951219512195,1.4085365853658538,0.3414634146341463,0.9390243902439024,0.2560975609756097,0.8109756097560976,0.2987804878048781,0.9817073170731708,0.2560975609756097,0.8109756097560976,0.5121951219512195,2.048780487804878,1.91859756097561,4.908536585365854,0.0,0.2560975609756097,0.1707317073170731,0.6829268292682927,0.1947664276022485,0.5416666666666666,0.0,0.6270833333333314,20.0,34.0
Isaiah Mobley,mobleis01,10.619939024390243,4.478121951219513,2.583939024390244,2.1367926829268296,0.583048780487805,0.4087317073170732,0.1504146341463414,0.6173658536585367,1.5645,4.772634146341463,0.4273414634146342,0.8544268292682927,0.3265676834779585,0.5003339221075029,13.97,6.016158536585366,16.13628048780488,2.4286585365853663,6.959451219512194,1.3231707317073171,3.971646341463413,1.024390243902439,3.3740853658536567,0.2560975609756097,0.941158536585364,0.1707317073170731,0.6829268292682927,0.0426829268292682,0.2987804878048781,0.2987804878048781,0.9817073170731708,0.6807926829268295,2.6463414634146343,2.5588414634146344,7.172865853658535,0.1280487804878048,0.7682926829268293,0.4246951219512196,1.3658536585365857,0.1928787878787878,0.4722953216374268,0.2222222222222222,0.7504310344827583,9.0,20.0
Markieff Morris,morrima02,9.764914634146342,5.214317073170732,2.536817073170732,1.7323292682926832,0.3180731707317074,0.2853780487804878,0.7495975609756099,0.963609756097561,1.9450609756097563,5.665731707317073,0.511,0.6842926829268292,0.3422883222934624,0.7522247273545639,27.856,6.314939024390244,13.022560975609752,3.199085365853659,7.258231707317072,1.5365853658536586,3.5853658536585367,0.9390243902439024,2.5609756097560976,0.1280487804878048,0.5121951219512195,0.1280487804878048,0.4695121951219512,0.4246951219512196,1.152439024390244,0.5121951219512195,1.4106707317073153,0.9368902439024392,3.1606707317073157,3.3676829268292687,8.152439024390244,0.2560975609756097,0.853658536585366,0.3414634146341463,1.1097560975609757,0.2058291991495393,0.475030487804878,0.5,0.9444444444444444,21.0,34.0
Georges Niang,niangge01,42.4945243902439,32.07809756097561,11.006475609756096,4.5465,1.572951219512195,0.8543414634146341,3.3956829268292688,6.9645731707317085,11.55119512195122,25.24601219512196,2.197146341463415,3.100146341463415,0.4575339699009882,0.7090558900642023,76.936,38.2439024390244,46.95121951219512,27.272256097560977,36.66676829268293,9.347560975609756,12.76219512195122,3.713414634146342,5.420731707317073,1.1951219512195124,1.9634146341463417,0.5548780487804879,1.152439024390244,2.731707317073171,4.182926829268293,5.890243902439025,8.109756097560975,9.4734756097561,13.703353658536583,21.80670731707317,28.59756097560976,1.6625000000000003,2.817073170731708,2.3902439024390247,3.843597560975608,0.4034688620224351,0.5118011020272732,0.5915492957746479,0.8155244755244754,73.0,80.0
Daishen Nix,nixda01,5.296012195121952,1.9174878048780493,1.4555731707317074,1.3580853658536585,0.2986097560975609,0.0217682926829268,1.4035,0.3313048780487805,0.6991463414634147,1.7550365853658536,0.499219512195122,0.9546463414634148,0.3935620113000074,0.5220048117395515,22.824,3.282317073170732,7.426829268292684,0.8963414634146342,3.0753048780487786,0.7682926829268293,2.136280487804876,0.7234756097560978,2.048780487804878,0.1280487804878048,0.5121951219512195,0.0,0.0853658536585365,0.7682926829268293,2.091463414634146,0.1280487804878048,0.5975609756097562,0.2134146341463415,1.3658536585365857,0.8963414634146342,2.817073170731708,0.1707317073170731,0.853658536585366,0.4695121951219512,1.4939024390243902,0.1666666666666666,0.6193452380952379,0.2664912280701754,0.7694055944055943,16.0,30.0
Jaylen Nowell,nowelja01,17.54498780487805,10.503841463414636,3.140609756097561,2.5943536585365856,0.4304146341463414,0.5216707317073171,1.1658414634146343,1.1547439024390245,4.121207317073171,10.583914634146344,0.9661707317073172,1.568170731707317,0.3887780086695713,0.6138745223161857,26.214,11.942682926829267,23.484146341463408,6.615853658536586,14.8109756097561,1.878048780487805,4.567073170731708,1.5771341463414636,3.670731707317073,0.2134146341463415,0.6829268292682927,0.2560975609756097,0.8109756097560976,0.6829268292682927,1.6646341463414636,0.6402439024390244,1.6219512195121952,2.347560975609756,5.977743902439022,6.784451219512196,14.431097560975608,0.4695121951219512,1.53871951219512,0.9368902439024392,2.304878048780488,0.291246902455508,0.4822597584456503,0.4193548387096774,0.7826674500587544,19.0,33.0
Chuma Okeke,okekech01,14.47070731707317,7.662951219512196,6.466975609756099,2.032817073170732,0.8269390243902439,0.5999512195121952,0.8131951219512196,1.6744512195121952,2.8452439024390244,6.351560975609757,0.5285853658536586,0.8598902439024392,0.4466400619178411,0.6141519892621827,29.106,9.977134146341465,19.166768292682924,4.652439024390244,11.059146341463412,4.1381097560975615,9.264329268292682,1.1951219512195124,2.861890243902437,0.426829268292683,1.1972560975609738,0.2987804878048781,0.9390243902439024,0.426829268292683,1.2804878048780488,1.064939024390244,2.3902439024390247,1.534451219512195,4.227743902439022,4.010060975609757,8.752134146341461,0.2560975609756097,0.8963414634146342,0.426829268292683,1.2826219512195105,0.3015764296586214,0.569391537408759,0.3806547619047619,0.8236572890025574,22.0,37.0
Trevelin Queen,queentr01,14.74780487804878,6.997609756097561,3.006670731707317,2.160439024390244,1.3317926829268292,0.7993658536585367,1.2079268292682928,1.004926829268293,2.398439024390244,6.679621951219512,1.0746707317073172,1.4542926829268294,0.3588476369838123,0.7369783338144655,29.212,9.902439024390244,19.47195121951219,4.225609756097561,10.24390243902439,1.7926829268292683,4.2682926829268295,1.3231707317073171,3.0753048780487786,0.8109756097560976,1.920731707317073,0.426829268292683,1.1951219512195124,0.7256097560975611,1.7500000000000002,0.5548780487804879,1.579268292682927,1.2378048780487805,3.75609756097561,4.351524390243903,9.51829268292683,0.5548780487804879,1.666768292682925,0.853658536585366,2.1341463414634148,0.2352685421994884,0.4977699530516431,0.5330555555555556,0.9024783634933125,22.0,36.0
Lester Quiñones,quinole01,12.23207317073171,8.274853658536585,2.371207317073171,2.127829268292683,0.3800487804878049,0.1590365853658537,1.5626219512195123,1.4003414634146345,2.8060609756097565,6.863756097560976,1.2958536585365854,1.9115121951219511,0.4071275831503383,0.6812001857983951,25.112,7.414024390243904,17.5875,4.735670731707318,12.121951219512196,1.321036585365854,3.542682926829269,1.152439024390244,3.2439024390243905,0.1707317073170731,0.5975609756097562,0.0426829268292682,0.2987804878048781,0.853658536585366,2.2621951219512195,0.7682926829268293,2.093597560975608,1.321036585365854,4.865853658536586,3.670731707317073,10.628048780487806,0.6402439024390244,2.05091463414634,1.0670731707317074,2.861890243902437,0.2757003406375515,0.5575081967213114,0.4772186147186147,0.8655364372469635,17.950000000000003,32.0
Cam Reddish,reddica01,17.31586585365854,9.66930487804878,4.211182926829268,1.9569268292682929,2.081390243902439,0.754890243902439,1.2922682926829268,1.3377682926829269,3.2884634146341463,7.825829268292683,1.492621951219512,2.345256097560976,0.4193898174327575,0.6355404372598534,42.144,12.88810975609756,22.28048780487805,6.357621951219513,12.76219512195122,2.817073170731708,5.721646341463413,1.2378048780487805,2.689024390243903,1.3658536585365857,2.7765243902439005,0.426829268292683,1.1097560975609757,0.8109756097560976,1.8353658536585369,0.853658536585366,1.920731707317073,1.878048780487805,4.7804878048780495,5.375914634146342,10.28871951219512,0.853658536585366,2.176829268292683,1.4939024390243902,3.2865853658536586,0.2908496176720476,0.5263062430518984,0.4759658580413297,0.7966600529100526,34.0,50.0
Jared Rhoden,rhodeja01,11.781256097560975,8.156963414634147,3.562487804878049,1.2419024390243902,0.7115243902439025,0.5014390243902439,0.702560975609756,1.0249878048780487,2.9904512195121957,6.240329268292684,1.2162073170731709,1.6174268292682927,0.4802013654886455,0.7501297533428645,21.622,6.955182926829269,16.603658536585368,4.306707317073172,12.25213414634146,1.8353658536585369,5.378048780487806,0.6402439024390244,1.9634146341463417,0.3414634146341463,1.1097560975609757,0.2134146341463415,0.8109756097560976,0.2987804878048781,1.1097560975609757,0.5121951219512195,1.6219512195121952,1.451219512195122,4.654573170731705,3.414634146341464,9.228048780487798,0.5121951219512195,2.0082317073170715,0.8109756097560976,2.5609756097560976,0.3472897196261682,0.6270393120393121,0.522516835016835,0.920153846153846,15.0,28.0
Josh Richardson,richajo01,16.99787804878049,9.012841463414636,2.9032926829268293,2.755012195121952,1.5443536585365856,0.3927682926829268,1.5773048780487806,1.6329634146341463,3.241256097560976,8.353134146341464,1.1831707317073172,1.4,0.387066078818253,0.8463124295254297,33.074,12.203048780487809,21.862195121951213,6.058841463414635,12.335365853658535,1.920731707317073,4.014329268292681,1.707317073170732,3.843597560975608,0.9817073170731708,2.176829268292683,0.2112804878048781,0.5975609756097562,1.0222560975609758,2.304878048780488,1.064939024390244,2.304878048780488,1.8353658536585369,4.742073170731704,5.802743902439025,11.05701219512195,0.6402439024390244,1.8353658536585369,0.7682926829268293,2.091463414634146,0.282990061932882,0.4923798076923076,0.7058823529411765,0.9667204301075268,26.0,40.0
Terry Rozier,roziete01,55.90089024390244,35.69982926829268,9.91029268292683,9.47629268292683,2.2008170731707315,0.8994146341463416,4.0028048780487815,5.098987804878049,13.158378048780488,31.694548780487807,5.167792682926829,6.560963414634147,0.4152967235816011,0.7875208123196135,62.822,47.37378048780488,63.94756097560976,28.59542682926829,41.7439024390244,8.064939024390245,11.908536585365855,7.597560975609756,11.485975609756094,1.6646341463414636,2.774390243902439,0.6381097560975612,1.2378048780487805,3.073170731707317,4.996036585365852,3.884146341463415,6.445121951219512,10.5,16.00609756097561,25.814634146341465,37.39451219512195,3.8393292682926834,6.489939024390242,5.036585365853659,8.197256097560974,0.3646775007930385,0.4666756878664862,0.7032312058802126,0.8658165548098433,57.0,69.0
Matt Ryan,ryanma01,4.9910853658536585,4.804475609756098,1.2536829268292684,0.6325609756097561,0.2601951219512195,0.0090487804878048,0.6871097560975611,1.233621951219512,1.584048780487805,3.894134146341463,0.551548780487805,0.6658536585365854,0.4057719549211203,0.8283614947854844,29.788,3.1158536585365857,7.087499999999999,2.4734756097560977,7.258231707317072,0.7234756097560978,1.920731707317073,0.2987804878048781,1.024390243902439,0.0853658536585365,0.4289634146341444,0.0,0.0426829268292682,0.339329268292683,1.1097560975609757,0.6807926829268295,1.920731707317073,0.7234756097560978,2.5225609756097525,2.176829268292683,5.719512195121951,0.2539634146341464,0.8963414634146342,0.339329268292683,1.0670731707317074,0.242037037037037,0.5785341452805567,0.625,1.0,22.0,37.0
Ben Simmons,simmobe01,32.68154878048781,10.520231707317077,10.530987804878048,10.29409756097561,1.752987804878049,1.1019878048780487,3.788707317073171,0.0,4.643219512195123,8.539829268292683,1.130073170731707,2.1567682926829272,0.5438975082203942,0.5225755434059226,42.6,26.25,39.697256097560974,7.808841463414635,13.62012195121951,7.853658536585367,13.359756097560975,7.682926829268293,12.975609756097562,1.1951219512195124,2.3496951219512177,0.6829268292682927,1.4939024390243902,2.731707317073171,4.908536585365854,0.0,0.0,3.2844512195121958,6.189024390243903,6.442987804878049,10.884146341463415,0.6402439024390244,1.7926829268292683,1.4490853658536589,2.9024390243902443,0.4484894108200341,0.6342842624854819,0.3634032634032634,0.6826232247284878,36.0,50.0
Jabari Smith Jr.,smithja04,38.54310975609757,26.61297560975609,15.482634146341464,3.1128658536585365,1.1020731707317073,2.295573170731708,2.491914634146342,2.777121951219512,10.023402439024393,18.48981707317073,3.7763292682926832,5.662573170731707,0.5418984253623078,0.6670217927895896,64.062,33.119817073170736,43.71798780487804,21.8109756097561,31.243902439024392,12.420731707317074,18.44115853658537,2.347560975609756,3.843597560975608,0.8109756097560976,1.4939024390243902,1.7500000000000002,2.9024390243902443,1.91859756097561,3.1158536585365857,2.1341463414634148,3.457317073170732,7.810975609756098,12.25,15.235670731707318,21.685060975609755,2.774390243902439,4.865853658536586,4.308841463414635,7.000000000000001,0.4746719948258338,0.6153931623931624,0.5619416058394161,0.7698093220338983,56.0,70.0
Jaden Springer,sprinja01,12.707134146341463,7.027914634146342,3.1874756097560977,1.9071585365853665,1.5366707317073172,0.4684878048780488,1.0857682926829268,0.6714024390243903,2.4512804878048784,5.648146341463415,1.428256097560976,2.1944146341463417,0.4323146493011096,0.6512835937622494,44.072,9.4734756097561,16.221646341463412,4.567073170731708,9.648475609756096,2.176829268292683,4.31310975609756,1.321036585365854,2.563109756097559,1.024390243902439,2.176829268292683,0.2560975609756097,0.7256097560975611,0.6402439024390244,1.6219512195121952,0.3841463414634146,0.9838414634146324,1.3658536585365857,3.672865853658535,3.841463414634146,7.642378048780486,0.8109756097560976,2.091463414634146,1.4939024390243902,3.073170731707317,0.2952910111123336,0.5778735632183906,0.4882392026578073,0.825,37.0,52.0
Lamar Stevens,stevela01,13.795548780487806,10.041073170731709,4.819414634146341,1.1541463414634148,0.7720487804878049,0.6457073170731708,1.1876951219512195,1.0196951219512196,3.8331829268292688,8.476573170731708,1.2008414634146345,1.855768292682927,0.4519865388459058,0.6492715332744161,36.074,9.43079268292683,18.56707317073171,6.0182926829268295,14.853658536585368,3.030487804878049,6.748170731707313,0.6381097560975612,1.707317073170732,0.426829268292683,1.152439024390244,0.3414634146341463,0.9817073170731708,0.6829268292682927,1.7500000000000002,0.5548780487804879,1.579268292682927,2.1320121951219515,5.76219512195122,5.079268292682928,12.042987804878043,0.6402439024390244,1.8353658536585369,1.152439024390244,2.7338414634146324,0.3243243243243243,0.5897686053783615,0.4499137931034483,0.8400454545454544,28.0,43.04999999999996
Cole Swider,swideco01,7.961219512195123,5.372841463414635,2.2898536585365856,0.7145121951219512,0.2727439024390244,0.1578414634146341,0.5995243902439025,1.4103292682926831,1.8886341463414635,5.190243902439025,0.0667560975609756,0.1499878048780487,0.3640461402729606,0.4440679066445937,20.298,4.951219512195122,11.142378048780486,3.028353658536586,8.242073170731704,1.2804878048780488,3.542682926829269,0.3841463414634146,1.1097560975609757,0.1280487804878048,0.4695121951219512,0.0426829268292682,0.2987804878048781,0.2560975609756097,0.9817073170731708,0.7682926829268293,2.176829268292683,0.853658536585366,3.030487804878049,2.9451219512195124,7.770426829268291,0.0,0.1707317073170731,0.0426829268292682,0.2987804878048781,0.2239699955217196,0.5037153689122192,0.0,1.0,14.0,26.0
Terry Taylor,taylote01,2.5118902439024398,1.4087926829268294,1.2023780487804878,0.977780487804878,0.1011585365853658,0.0665,0.2648048780487805,0.0589878048780487,0.629658536585366,1.380280487804878,0.1463170731707317,0.2573780487804878,0.460326672574331,0.5725762180123234,23.174,1.451219512195122,3.670731707317073,0.6829268292682927,2.2621951219512195,0.5975609756097562,1.878048780487805,0.5100609756097563,1.5365853658536586,0.0,0.2134146341463415,0.0,0.1707317073170731,0.0853658536585365,0.4695121951219512,0.0,0.1280487804878048,0.2134146341463415,1.152439024390244,0.6829268292682927,2.176829268292683,0.0426829268292682,0.2987804878048781,0.0853658536585365,0.4695121951219512,0.2082107843137255,0.7145714285714283,0.2133333333333333,1.0,17.0,30.0
Daniel Theis,theisda01,19.98107317073171,10.075560975609756,7.753524390243903,2.8243292682926837,0.8802926829268294,1.4625731707317071,1.3516829268292685,0.7025609756097563,3.9686585365853664,8.02259756097561,1.4781951219512195,2.3686463414634145,0.494194331834588,0.6228253708141553,43.212,15.621951219512196,24.672865853658536,7.42469512195122,12.932926829268292,5.548780487804878,9.992073170731704,1.920731707317073,3.80091463414634,0.5548780487804879,1.2378048780487805,0.9390243902439024,2.00609756097561,0.8963414634146342,1.878048780487805,0.426829268292683,1.024390243902439,2.6463414634146343,5.463414634146342,5.890243902439025,10.331402439024387,0.853658536585366,2.1341463414634148,1.6219512195121952,3.158536585365854,0.383410381309919,0.6044699418228829,0.4636566332218506,0.7870146678170835,36.0,51.0
Tristan Thompson,thomptr01,12.397853658536588,5.316158536585366,8.14509756097561,1.8590121951219511,0.4061707317073171,0.7799878048780488,1.1369878048780488,0.0,2.344829268292683,4.626146341463414,0.8251463414634147,2.347134146341464,0.5045645867346805,0.3509765668614769,45.992,9.091463414634148,15.53658536585366,3.66859756097561,7.128048780487806,5.717378048780488,10.758231707317073,1.2804878048780488,2.5609756097560976,0.2134146341463415,0.6402439024390244,0.4695121951219512,1.1118902439024372,0.7256097560975611,1.5814024390243884,0.0,0.0,1.3658536585365857,3.457317073170732,3.1948170731707326,6.103658536585367,0.3841463414634146,1.3253048780487786,1.5365853658536586,3.1606707317073157,0.3565891472868217,0.648187549251379,0.19506734619585,0.5108206686930089,39.0,53.0
JT Thor,thorjt01,14.335829268292684,7.865353658536585,5.365243902439025,1.0632317073170732,0.9537926829268294,1.084317073170732,1.1013048780487806,0.9811951219512196,2.910378048780488,6.730414634146342,1.2464268292682927,2.067390243902439,0.4323377981519226,0.6032303923597699,44.032,11.050609756097565,17.969512195121954,5.548780487804878,10.5,3.66859756097561,7.000000000000001,0.6402439024390244,1.579268292682927,0.5548780487804879,1.3658536585365857,0.6829268292682927,1.5365853658536586,0.7256097560975611,1.5365853658536586,0.5975609756097562,1.3658536585365857,1.790548780487805,4.2682926829268295,4.863719512195122,8.922865853658536,0.7256097560975611,1.8353658536585369,1.3637195121951222,2.9878048780487805,0.3233394748963611,0.5588484546360917,0.4254417598269023,0.7662012411347515,36.0,52.0
P.J. Tucker,tuckepj01,7.847939024390246,4.201792682926829,4.307987804878049,0.5104024390243903,0.6795975609756099,0.5280731707317073,0.5909024390243903,1.2604268292682927,1.5084146341463416,3.457829268292683,0.1412804878048781,0.215890243902439,0.4372528065451843,0.6614599813394995,28.85,5.375914634146342,10.758231707317073,2.388109756097561,6.103658536585367,2.689024390243903,6.231707317073171,0.2539634146341464,0.853658536585366,0.3414634146341463,1.024390243902439,0.2560975609756097,0.853658536585366,0.2987804878048781,0.8963414634146342,0.766158536585366,1.8353658536585369,0.7256097560975611,2.347560975609756,2.1320121951219515,5.0387195121951205,0.0426829268292682,0.2582317073170712,0.0853658536585365,0.3841463414634146,0.2665686274509804,0.6001136363636362,0.25,1.0,22.0,36.0
Fred VanVleet,vanvlfr01,77.73389024390245,43.12273170731707,10.527743902439026,17.5175,4.558621951219513,1.917658536585366,4.615390243902438,7.912134146341463,14.335146341463416,36.50696341463415,6.799731707317074,8.540426829268293,0.3927961173582577,0.7960723087676688,65.298,69.01829268292683,86.27073170731707,35.76615853658537,50.06707317073171,8.662500000000001,12.3375,14.640243902439025,20.231707317073173,3.670731707317073,5.50609756097561,1.4490853658536589,2.3902439024390247,3.713414634146342,5.50609756097561,6.442987804878049,9.435060975609757,11.778353658536586,16.906707317073167,31.11158536585366,41.92103658536585,5.207317073170732,8.408536585365853,6.658536585365854,10.457317073170731,0.344580627954319,0.4413108314312016,0.7173707957342084,0.8663136179236585,59.0,71.0
Jabari Walker,walkeja01,25.74386585365854,17.131134146341466,11.50270731707317,2.3368902439024395,1.7724512195121953,0.6375121951219512,2.0406707317073174,1.7620365853658535,6.2678170731707326,12.90117073170732,2.982768292682927,4.568012195121952,0.4859480597101726,0.6526962742878193,63.11,21.12804878048781,30.82347560975609,12.932926829268292,21.60396341463414,8.579268292682928,14.55487804878049,1.6625000000000003,3.0326219512195105,1.2783536585365856,2.347560975609756,0.3841463414634146,0.8963414634146342,1.451219512195122,2.603658536585366,1.1929878048780491,2.392378048780486,4.43689024390244,8.32530487804878,9.902439024390244,16.13628048780488,2.00609756097561,4.054878048780488,3.369817073170732,5.935060975609755,0.3926331930566865,0.5774092431649465,0.5144447075538716,0.779380530973451,57.0,70.0
Lonnie Walker IV,walkelo01,30.96151219512195,22.95078048780488,5.4121097560975615,3.8926829268292686,1.1855609756097565,0.7032439024390243,2.141914634146341,4.102597560975609,8.088073170731708,18.98818292682927,2.468268292682927,3.4135243902439028,0.4257430422051714,0.7230995844806503,41.126,24.06890243902439,38.16493902439024,16.639939024390245,30.02103658536584,3.8393292682926834,7.085365853658537,2.729573170731708,5.124085365853657,0.7682926829268293,1.6646341463414636,0.426829268292683,0.9838414634146324,1.451219512195122,2.9045731707317057,2.859756097560976,5.548780487804878,5.719512195121951,10.969512195121952,14.339329268292683,24.504268292682923,1.5365853658536586,3.4594512195121934,2.2621951219512195,4.695121951219512,0.3565072859744991,0.4960299273502728,0.5820759837177748,0.848027375201288,33.95,48.0
Nate Williams,willije02,9.430451219512197,6.453060975609757,1.7742439024390246,1.0785121951219514,0.6571463414634148,0.3804756097560975,0.9916097560975612,0.4313536585365853,2.839439024390244,5.487573170731708,0.527219512195122,0.9316829268292685,0.5169760254781913,0.5649927243525356,25.232,6.014024390243903,12.85182926829268,3.796646341463415,9.520426829268292,0.9817073170731708,2.6463414634146343,0.5548780487804879,1.666768292682925,0.3414634146341463,1.024390243902439,0.1707317073170731,0.6402439024390244,0.5121951219512195,1.5365853658536586,0.2134146341463415,0.6829268292682927,1.451219512195122,4.396341463414634,3.073170731707317,7.941158536585364,0.2134146341463415,0.9390243902439024,0.4695121951219512,1.451219512195122,0.3598947368421052,0.6694098240469207,0.3333333333333333,0.8066052227342548,19.0,32.0
Delon Wright,wrighde01,22.27126829268293,9.255536585365856,4.394207317073171,5.304121951219513,2.5365609756097567,0.8160121951219513,1.2874878048780487,1.388817073170732,3.355048780487805,8.256841463414634,1.440548780487805,2.2204512195121957,0.4054824983495803,0.6487912052355819,47.014,17.44878048780488,27.78658536585366,6.609451219512196,12.25213414634146,3.073170731707317,5.719512195121951,3.798780487804878,7.002134146341462,1.707317073170732,3.457317073170732,0.5121951219512195,1.152439024390244,0.853658536585366,1.7500000000000002,0.8963414634146342,1.920731707317073,2.176829268292683,4.695121951219512,6.103658536585367,10.713414634146345,0.853658536585366,2.1341463414634148,1.4085365853658538,2.989939024390242,0.2971789762112343,0.5146198830409356,0.4821097883597883,0.8085612968591691,39.95,55.0
Emoni Bates,batesem01,6.175536585365855,4.970170731707318,1.2215,0.9489268292682927,0.1250609756097561,0.1592073170731707,0.586719512195122,1.374987804878049,1.614609756097561,4.669341463414634,0.0660731707317073,0.1810609756097561,0.3461631238860318,0.3671657779889487,19.842,3.2012195121951224,9.520426829268292,2.048780487804878,8.32530487804878,0.5121951219512195,2.048780487804878,0.426829268292683,1.5365853658536586,0.0,0.2560975609756097,0.0426829268292682,0.3414634146341463,0.2560975609756097,1.024390243902439,0.6381097560975612,2.304878048780488,0.5975609756097562,3.030487804878049,2.1341463414634148,7.640243902439025,0.0,0.1707317073170731,0.0426829268292682,0.3841463414634146,0.182244303126656,0.5355095277547636,0.0,1.0,14.0,26.0
D.J. Carton,cartodj01,3.378353658536585,1.1527804878048782,0.7406341463414635,0.6667926829268294,0.3832073170731708,0.0,0.6259024390243904,0.0819512195121951,0.3872195121951219,1.2883414634146342,0.3505975609756098,0.4742926829268293,0.3047275255130839,0.7406254734089739,13.076,1.579268292682927,5.548780487804878,0.426829268292683,2.00609756097561,0.2987804878048781,1.2804878048780488,0.2134146341463415,1.1951219512195124,0.1280487804878048,0.7256097560975611,0.0,0.0,0.2134146341463415,1.152439024390244,0.0,0.1707317073170731,0.0853658536585365,0.7682926829268293,0.5954268292682929,2.1341463414634148,0.0853658536585365,0.6829268292682927,0.1707317073170731,0.8963414634146342,0.0995454545454545,0.5559829059829056,0.4436507936507937,1.0,8.0,19.0
Ricky Council IV,councri01,32.712792682926825,23.250841463414638,8.47068292682927,3.6450365853658537,1.5111463414634148,0.5717804878048781,1.9479634146341465,2.2062804878048783,7.434768292682928,18.15014634146341,5.95,8.059817073170732,0.4095558530664135,0.7389548161722141,59.948,27.314939024390245,38.46371951219512,18.1359756097561,28.81310975609756,6.528353658536586,10.713414634146345,2.731707317073171,4.569207317073169,1.1097560975609757,1.9655487804878031,0.3414634146341463,0.8109756097560976,1.4085365853658538,2.5609756097560976,1.6625000000000003,2.817073170731708,5.375914634146342,9.646341463414634,14.125914634146342,22.37012195121951,4.481707317073171,7.554878048780488,6.274390243902439,10.03048780487805,0.3413192784400816,0.4799033436816997,0.6523139178418148,0.8289772727272727,53.0,66.04999999999995
Dante Exum,exumda01,21.36878048780488,14.250207317073173,3.5049512195121952,4.732085365853659,1.1448414634146342,0.2687317073170732,1.8491951219512195,1.926280487804878,5.1654024390243904,10.413439024390245,1.86959756097561,2.726243902439024,0.4954868412147963,0.6867037586750994,36.752,16.260060975609754,27.02042682926829,10.154268292682929,19.422865853658536,2.475609756097561,4.609756097560976,3.329268292682927,6.233841463414633,0.6829268292682927,1.6646341463414636,0.0853658536585365,0.4695121951219512,1.2804878048780488,2.5609756097560976,1.321036585365854,2.605792682926828,3.369817073170732,7.0426829268292686,7.68079268292683,13.617987804878048,1.152439024390244,2.6463414634146343,1.7926829268292683,3.713414634146342,0.392207489257213,0.5876591873862947,0.5413690476190476,0.8254313319530711,29.0,44.0
Adam Flagler,flaglad01,6.927439024390244,3.456036585365854,1.1675487804878049,1.6280121951219513,0.3579390243902439,0.1038048780487805,0.1952317073170731,0.8364146341463415,1.2925243902439023,4.967012195121952,0.064280487804878,0.1249756097560975,0.2601975534298839,0.5061558167570825,31.152,4.652439024390244,9.520426829268292,1.9634146341463417,5.207317073170732,0.6402439024390244,1.7926829268292683,0.9390243902439024,2.392378048780486,0.1707317073170731,0.5975609756097562,0.0,0.2134146341463415,0.0853658536585365,0.3414634146341463,0.4673780487804879,1.239939024390242,0.5548780487804879,2.176829268292683,3.028353658536586,7.130182926829267,0.0,0.1707317073170731,0.0,0.2560975609756097,0.1406185433884297,0.3951793452094366,0.0,1.0,23.0,38.0
Jalen Hood-Schifino,hoodsja01,14.021597560975607,7.253280487804879,2.0380243902439026,2.367792682926829,0.4655,0.5162926829268293,1.440548780487805,0.9782926829268296,2.65769512195122,7.1530609756097565,1.549731707317073,2.1677804878048783,0.3695010011628584,0.7146273532442854,23.888,9.26219512195122,19.3375,4.43689024390244,10.331402439024387,1.2378048780487805,2.947256097560974,1.2804878048780488,3.414634146341464,0.2134146341463415,0.7256097560975611,0.2560975609756097,0.8109756097560976,0.8088414634146344,2.2195121951219514,0.5527439024390246,1.4939024390243902,1.2804878048780488,4.140243902439025,4.394207317073171,10.331402439024387,0.8942073170731709,2.347560975609756,1.2804878048780488,3.073170731707317,0.249906015037594,0.4842375748113452,0.5471698113207547,0.8823529411764706,17.0,31.0
Mason Jones,jonesma05,3.3316585365853664,2.0813048780487806,1.024219512195122,1.0806463414634149,0.0723048780487805,0.0729024390243902,0.2121341463414634,0.2645487804878048,0.734658536585366,1.6701829268292685,0.3252439024390244,0.5105731707317074,0.4418301653540322,0.6365282836094345,17.078,1.8759146341463415,4.914939024390239,0.9817073170731708,3.5000000000000004,0.4695121951219512,1.7094512195121934,0.5121951219512195,1.8353658536585369,0.0,0.1707317073170731,0.0,0.1707317073170731,0.0853658536585365,0.3841463414634146,0.0853658536585365,0.4695121951219512,0.2560975609756097,1.3231707317073171,0.853658536585366,2.731707317073171,0.0853658536585365,0.5975609756097562,0.2134146341463415,0.853658536585366,0.225453629032258,0.6876077586206896,0.3567857142857143,0.9090909090909092,11.0,24.0
Maxwell Lewis,lewisma05,12.118536585365854,6.465353658536586,2.844219512195122,1.3675609756097562,0.6178780487804878,0.4488536585365854,1.5100365853658535,1.007487804878049,2.8010243902439025,6.710951219512195,0.5137317073170732,0.8464878048780488,0.4175566065284224,0.609144828918287,35.128,8.489634146341464,16.097865853658533,4.054878048780488,9.219512195121952,1.8353658536585369,3.971646341463413,0.8109756097560976,1.9634146341463417,0.3414634146341463,0.9390243902439024,0.2539634146341464,0.7256097560975611,0.9390243902439024,2.1341463414634148,0.5975609756097562,1.451219512195122,1.534451219512195,4.2682926829268295,4.308841463414635,9.134146341463415,0.2560975609756097,0.853658536585366,0.4695121951219512,1.2804878048780488,0.284793758184199,0.5564579224194606,0.3886752136752137,0.8333333333333334,28.0,43.0
Vasilije Micić,micicva01,32.31387804878049,16.56789024390244,4.778524390243903,8.603682926829272,1.1473170731707318,0.0635121951219512,4.428353658536586,2.587012195121952,5.769963414634147,15.299609756097563,2.1541219512195124,2.983109756097561,0.3771083979646163,0.7219420110497796,49.616,26.072865853658534,38.544817073170734,11.94908536585366,21.04481707317073,3.4125000000000005,6.189024390243903,6.440853658536586,10.926829268292684,0.7682926829268293,1.5365853658536586,0.0,0.1707317073170731,3.2439024390243905,5.676829268292683,1.7926829268292683,3.4167682926829253,4.010060975609757,7.770426829268291,11.554268292682927,19.59359756097561,1.4085365853658538,2.9045731707317057,2.0893292682926834,3.9268292682926833,0.2985639326152996,0.4552708144568608,0.5880370125578321,0.8370729813664596,43.0,56.0
Taze Moore,mooreta02,6.588024390243904,2.4328414634146345,2.198939024390244,0.6115609756097562,0.6104512195121952,0.0,0.5889390243902439,0.2955365853658537,0.9942560975609758,3.3665731707317077,0.325329268292683,0.6361463414634148,0.2963907921028652,0.5158046306659687,12.008,3.1158536585365857,10.760365853658534,0.9817073170731708,4.2682926829268295,0.9390243902439024,3.75609756097561,0.2134146341463415,1.1118902439024372,0.2134146341463415,1.0670731707317074,0.0,0.0,0.2560975609756097,0.9817073170731708,0.0853658536585365,0.5548780487804879,0.2134146341463415,2.048780487804878,1.2356707317073172,5.890243902439025,0.0853658536585365,0.6829268292682927,0.2134146341463415,1.1118902439024372,0.1146767708011135,0.4789555514907626,0.1875,0.8580952380952377,7.0,18.0
Adama Sanogo,sanogad01,3.5559146341463417,3.066085365853659,2.558158536585366,0.2369756097560975,0.0385,0.0,0.3650243902439025,0.0,1.3187317073170737,2.4606707317073173,0.4407439024390244,0.7513048780487805,0.5368615428353187,0.5880347419359223,15.068,1.5771341463414636,5.676829268292683,1.152439024390244,5.2926829268292686,1.0222560975609758,4.398475609756096,0.0426829268292682,0.4695121951219512,0.0,0.1280487804878048,0.0,0.0,0.1280487804878048,0.6402439024390244,0.0,0.0,0.3820121951219513,2.5609756097560976,0.8109756097560976,4.353658536585366,0.0853658536585365,0.9817073170731708,0.2134146341463415,1.4533536585365836,0.2725524475524475,0.7857142857142857,0.2214285714285714,0.9378676470588234,9.0,21.0
Isaiah Wong,wongis01,9.522646341463416,6.011719512195123,1.2148414634146345,1.0587073170731705,0.3847439024390244,0.0,0.6362317073170732,0.5100609756097562,2.490207317073171,6.444609756097561,0.8067926829268294,1.338707317073171,0.3865081013415664,0.6016296219481021,21.006,6.359756097560976,13.36189024390244,3.5853658536585367,8.880182926829267,0.5975609756097562,1.920731707317073,0.5548780487804879,1.6646341463414636,0.1707317073170731,0.6402439024390244,0.0,0.0,0.3414634146341463,1.024390243902439,0.2560975609756097,0.853658536585366,1.4085365853658538,3.798780487804878,4.223475609756098,9.134146341463415,0.3414634146341463,1.3231707317073171,0.7256097560975611,2.091463414634146,0.2732636928289102,0.5036496932026455,0.3547438330170778,0.8214285714285714,15.0,27.0
Armel Traoré,armeltr01,4.29740243902439,1.4659878048780488,1.5265121951219514,0.1219024390243902,0.408219512195122,0.2255365853658536,0.3819268292682927,0.0,0.6674756097560975,1.8803536585365852,0.3498292682926829,0.9470487804878048,0.3540367722770063,0.3692633121879013,16.772,2.4307926829268296,6.321341463414631,0.7256097560975611,2.392378048780486,0.7234756097560978,2.392378048780486,0.0,0.2560975609756097,0.1707317073170731,0.6829268292682927,0.0853658536585365,0.3862804878048761,0.1280487804878048,0.6402439024390244,0.0,0.0,0.1707317073170731,1.2804878048780488,0.9390243902439024,2.9878048780487805,0.0426829268292682,0.7256097560975611,0.3841463414634146,1.6646341463414636,0.152523949889462,0.5641583054626532,0.1,0.6666666666666666,11.0,23.0
Marcus Bagley,baglema02,14.00580487804878,5.891012195121951,5.910731707317074,1.047268292682927,0.885329268292683,1.0497439024390245,0.6055853658536585,0.6540731707317073,2.294804878048781,5.807353658536585,0.6405853658536587,0.9317682926829268,0.3954916370168745,0.687255309507565,17.802,8.662500000000001,19.597865853658533,3.2012195121951224,9.05091463414634,3.4551829268292686,8.451219512195122,0.4695121951219512,1.6219512195121952,0.4695121951219512,1.4085365853658538,0.5548780487804879,1.6219512195121952,0.2987804878048781,0.9390243902439024,0.2987804878048781,1.1097560975609757,1.2356707317073172,3.4594512195121934,3.4935975609756107,8.239939024390242,0.2987804878048781,1.0670731707317074,0.5100609756097563,1.451219512195122,0.275416465798918,0.5215039318479685,0.4735294117647058,0.8949999999999998,12.0,24.0
Damion Baugh,baughda01,19.365756097560972,7.623341463414635,3.545841463414635,3.8356585365853664,1.2073292682926828,0.1711585365853658,2.2091829268292686,0.8818292682926829,2.8765731707317075,8.920134146341463,0.9514878048780488,1.2419878048780488,0.3238882828883478,0.7638776537246162,21.874,12.58719512195122,25.951219512195124,4.607621951219513,10.630182926829267,2.1341463414634148,5.0387195121951205,2.4734756097560977,5.2521341463414615,0.6402439024390244,1.7926829268292683,0.0426829268292682,0.2987804878048781,1.3658536585365857,3.158536585365854,0.5121951219512195,1.2804878048780488,1.707317073170732,4.099695121951218,5.632012195121952,12.17317073170731,0.4695121951219512,1.579268292682927,0.6402439024390244,1.9228658536585348,0.2383397640833425,0.4207465604089915,0.5453246753246753,0.9288095238095236,15.0,29.0
Reece Beekman,beekmre01,15.862,5.88759756097561,2.4250731707317077,3.8713414634146335,2.0270121951219515,0.116780487804878,1.3682439024390245,0.4565365853658537,2.222329268292683,6.312890243902439,1.0673292682926832,1.6004390243902442,0.3517598328937252,0.6650983035591044,40.118,11.776219512195125,19.937195121951216,4.01219512195122,8.02439024390244,1.5365853658536586,3.2865853658536586,2.5609756097560976,5.207317073170732,1.3658536585365857,2.7338414634146324,0.0,0.2560975609756097,0.853658536585366,1.8801829268292665,0.2134146341463415,0.6829268292682927,1.2783536585365856,3.3740853658536567,4.2682926829268295,8.453353658536583,0.5975609756097562,1.6219512195121952,1.024390243902439,2.221646341463413,0.2357142857142857,0.4814927732610659,0.4704963235294118,0.8379459459459458,33.0,47.0
Jalen Bridges,bridgja01,1.5541707317073177,1.1037804878048785,0.5211585365853659,0.0,0.0,0.0,0.5216707317073171,0.2681341463414634,0.2859756097560976,0.7679512195121951,0.3684390243902439,0.5612804878048783,0.3735226932834335,0.6587118570831351,17.166,0.853658536585366,2.304878048780488,0.5975609756097562,1.7948170731707298,0.2539634146341464,0.853658536585366,0.0,0.0,0.0,0.0,0.0,0.0,0.2539634146341464,0.853658536585366,0.0853658536585365,0.4695121951219512,0.0853658536585365,0.5548780487804879,0.3841463414634146,1.152439024390244,0.1280487804878048,0.6402439024390244,0.2560975609756097,0.9390243902439024,0.1428571428571428,0.6318181818181816,0.3846153846153846,0.9230769230769232,11.0,23.049999999999955
Keion Brooks Jr.,brookke02,16.092060975609755,10.599451219512195,4.419646341463414,0.9900731707317074,0.8623658536585367,0.8365,1.029939024390244,1.1624268292682929,4.020817073170733,8.168060975609757,1.647219512195122,2.393658536585366,0.4911007630093297,0.689444434303769,22.0,10.619512195121953,22.156707317073167,6.487804878048781,14.983841463414633,2.6463414634146343,6.274390243902439,0.5548780487804879,1.451219512195122,0.4695121951219512,1.2826219512195105,0.426829268292683,1.2804878048780488,0.5121951219512195,1.579268292682927,0.5975609756097562,1.7500000000000002,2.345426829268293,6.0182926829268295,5.034451219512196,11.73780487804878,0.9390243902439024,2.518292682926829,1.4085365853658538,3.5000000000000004,0.3778173439463761,0.5931425990061737,0.5185185185185185,0.843202614379085,15.950000000000005,28.0
Ulrich Chomche,chomcul01,1.7885000000000002,0.669609756097561,0.9611341463414635,0.2713780487804878,0.0,0.1463170731707317,0.2782926829268293,0.0,0.2767560975609756,0.6215487804878048,0.1809756097560975,0.3554634146341464,0.4448072371847102,0.5139568301084058,16.064,0.9390243902439024,2.731707317073171,0.2987804878048781,1.1097560975609757,0.4695121951219512,1.5365853658536586,0.0853658536585365,0.4695121951219512,0.0,0.0,0.0426829268292682,0.2987804878048781,0.1280487804878048,0.4716463414634127,0.0,0.0,0.0426829268292682,0.5548780487804879,0.2966463414634148,1.024390243902439,0.0426829268292682,0.3841463414634146,0.1280487804878048,0.5996951219512177,0.1423809523809524,0.7507352941176464,0.2,0.8571428571428571,10.0,23.0
Yuri Collins,colliyu01,3.2895731707317077,0.6426341463414635,0.8005609756097561,1.0809024390243904,0.4860731707317073,0.0,0.0,0.0,0.3541829268292683,0.9549024390243904,0.0,0.0,0.3711643837030465,,11.232,1.7926829268292683,4.825304878048779,0.2560975609756097,1.0670731707317074,0.3841463414634146,1.2378048780487805,0.4695121951219512,1.707317073170732,0.2560975609756097,0.7256097560975611,0.0,0.0,0.0,0.0,0.0,0.0,0.0853658536585365,0.7256097560975611,0.426829268292683,1.6646341463414636,0.0,0.0,0.0,0.0,0.124810606060606,0.6429723502304147,,,6.0,17.0
Cui Yongxi,cuiyo01,1.5520365853658535,0.6285487804878048,0.4836829268292683,0.0,0.0,0.0,0.0,0.0,0.3525609756097561,1.5970243902439023,0.2435487804878049,0.4889756097560976,0.2149086743381904,0.4969488388996371,13.92,0.6402439024390244,2.5609756097560976,0.2539634146341464,1.0670731707317074,0.1707317073170731,0.853658536585366,0.0,0.0,0.0,0.0,0.0,0.0,0.0,0.0,0.0,0.0,0.0426829268292682,0.8963414634146342,0.5954268292682929,2.819207317073169,0.0426829268292682,0.5121951219512195,0.1707317073170731,0.8963414634146342,0.0303030303030303,0.4375548245614034,0.1666666666666666,0.8571428571428571,9.0,19.0
Pacome Dadiet,dadiepa01,4.617439024390244,2.81519512195122,1.567573170731707,0.4755731707317073,0.3439390243902439,0.1919878048780487,0.3498292682926829,0.6359756097560976,0.9679634146341464,2.6212439024390246,0.4063414634146342,0.672939024390244,0.3708254056966974,0.598470547393608,25.31,2.817073170731708,6.402439024390245,1.451219512195122,4.182926829268293,0.8109756097560976,2.3902439024390247,0.2539634146341464,0.7682926829268293,0.1707317073170731,0.5570121951219493,0.0426829268292682,0.3414634146341463,0.1707317073170731,0.5548780487804879,0.2987804878048781,0.9838414634146324,0.3841463414634146,1.707317073170732,1.4085365853658538,3.928963414634145,0.1707317073170731,0.6829268292682927,0.3414634146341463,1.024390243902439,0.1885045422781272,0.5790123456790123,0.3333333333333333,0.8571428571428571,19.0,32.0
Alex Ducas,ducasal01,4.249170731707317,2.973890243902439,2.1951829268292684,0.3938780487804878,0.4511585365853658,0.0,0.3241341463414635,0.8428170731707318,0.9594268292682928,2.251951219512195,0.2612195121951219,0.2612195121951219,0.4257994801754116,1.0,27.874,2.774390243902439,5.719512195121951,1.8353658536585369,4.31310975609756,1.2356707317073172,3.203353658536584,0.1707317073170731,0.5975609756097562,0.2134146341463415,0.7277439024390225,0.0,0.0,0.1280487804878048,0.5548780487804879,0.4695121951219512,1.3231707317073171,0.426829268292683,1.5365853658536586,1.3658536585365857,3.203353658536584,0.0853658536585365,0.4289634146341444,0.0853658536585365,0.4289634146341444,0.2471483205853009,0.6073051948051946,1.0,1.0,21.0,35.0
Jesse Edwards,edwarje01,0.310219512195122,0.0,0.0,0.3902073170731707,0.0,0.0,0.0,0.0,0.0,0.0,0.0,0.0,,,11.076,0.1280487804878048,0.5548780487804879,0.0,0.0,0.0,0.0,0.1280487804878048,0.7256097560975611,0.0,0.0,0.0,0.0,0.0,0.0,0.0,0.0,0.0,0.0,0.0,0.0,0.0,0.0,0.0,0.0,,,,,6.0,17.0
Marcus Garrett,garrema01,9.290024390243904,4.335475609756099,0.9318536585365854,1.9953414634146345,0.6315365853658538,0.3349756097560976,0.9659146341463416,0.464219512195122,1.6990365853658536,4.12590243902439,0.4488536585365854,0.6880487804878048,0.4116483643331219,0.6556030091290477,13.112,4.989634146341464,14.213414634146345,2.2195121951219514,6.701219512195123,0.426829268292683,1.4939024390243902,0.9390243902439024,3.1158536585365857,0.2134146341463415,1.1097560975609757,0.1280487804878048,0.5975609756097562,0.426829268292683,1.6219512195121952,0.2134146341463415,0.7682926829268293,0.7256097560975611,2.7765243902439005,2.0893292682926834,6.359756097560976,0.1707317073170731,0.8109756097560976,0.2987804878048781,1.1951219512195124,0.2765957446808511,0.5556623931623931,0.3636363636363636,0.9090909090909092,8.0,19.0
Jazian Gortman,gortmja01,3.579304878048781,2.248963414634147,0.5092926829268293,0.5847560975609756,0.2045365853658536,0.0985121951219512,0.6012317073170732,0.3796219512195122,0.8861829268292684,2.126548780487805,0.2436341463414634,0.4889756097560976,0.4183409026687495,0.4989146220594141,23.052,2.176829268292683,5.166768292682925,1.2356707317073172,3.4594512195121934,0.2134146341463415,0.8131097560975591,0.3414634146341463,0.8984756097560956,0.0853658536585365,0.3841463414634146,0.0,0.2134146341463415,0.2987804878048781,0.9817073170731708,0.1707317073170731,0.6402439024390244,0.3414634146341463,1.5365853658536586,1.152439024390244,3.28871951219512,0.0832317073170733,0.4695121951219512,0.2134146341463415,0.7682926829268293,0.2170480549199084,0.6286243386243385,0.2,0.8181818181818182,17.0,30.0
Mouhamed Gueye,gueyemo02,22.67726829268293,10.782987804878047,8.053926829268292,1.570560975609756,1.714658536585366,1.8997317073170732,0.951658536585366,1.3032804878048785,3.988548780487805,9.324512195121953,1.768268292682927,2.581804878048781,0.4276985268473209,0.6848991808365366,37.874,17.150000000000002,28.09176829268292,7.640243902439025,14.046951219512191,5.632012195121952,10.84573170731707,1.024390243902439,2.136280487804876,1.152439024390244,2.3902439024390247,1.2804878048780488,2.520426829268291,0.5975609756097562,1.3253048780487786,0.853658536585366,1.7926829268292683,2.6463414634146343,5.463414634146342,6.658536585365854,11.951219512195122,1.1097560975609757,2.4777439024390224,1.790548780487805,3.5000000000000004,0.3332575757575757,0.5236506223012445,0.5332291666666666,0.8246376811594203,30.0,45.0
Kylor Kelley,kelleky01,5.55040243902439,3.340024390243902,3.703341463414634,0.4638780487804878,0.112,0.2967317073170732,0.4428780487804878,0.0,1.320439024390244,2.160353658536585,0.543268292682927,0.9835,0.6121582322168975,0.5509379042784033,19.12,3.158536585365854,8.327439024390241,1.6219512195121952,5.164634146341464,1.9634146341463417,5.76219512195122,0.2134146341463415,0.7682926829268293,0.0,0.2134146341463415,0.1280487804878048,0.5121951219512195,0.1707317073170731,0.7682926829268293,0.0,0.0,0.5975609756097562,2.2621951219512195,1.064939024390244,3.4594512195121934,0.2134146341463415,0.9817073170731708,0.426829268292683,1.6219512195121952,0.4095647897713302,0.8043743372216331,0.2939950980392157,0.8125,13.0,26.0
Jaylen Martin,martija02,10.95380487804878,6.255439024390244,3.487707317073171,1.4226219512195124,0.914439024390244,0.0,1.031817073170732,0.5489878048780489,2.470317073170732,5.787975609756098,0.7165609756097562,0.8990731707317072,0.4284776736204337,0.7964433539481501,23.17,6.656402439024391,15.500304878048777,3.625914634146342,9.349695121951218,1.9634146341463417,5.124085365853657,0.7682926829268293,2.1341463414634148,0.426829268292683,1.4939024390243902,0.0,0.0,0.5121951219512195,1.6219512195121952,0.2560975609756097,0.853658536585366,1.2378048780487805,3.928963414634145,3.158536585365854,8.410670731707315,0.2987804878048781,1.1545731707317055,0.426829268292683,1.4085365853658538,0.2956422924901186,0.5700147019513497,0.5649565217391304,0.9584166666666666,17.0,30.0
Jack McVeigh,mcveija01,2.609634146341464,1.6631829268292684,0.6097682926829269,0.1268536585365853,0.0,0.2463658536585365,0.2396219512195121,0.4783048780487805,0.6008048780487806,1.8083048780487807,0.0,0.0,0.3358080612521355,,17.204,1.491768292682927,3.884146341463415,0.8088414634146344,2.817073170731708,0.2987804878048781,1.024390243902439,0.0,0.2560975609756097,0.0,0.0,0.0853658536585365,0.426829268292683,0.0853658536585365,0.4695121951219512,0.2134146341463415,0.8109756097560976,0.2134146341463415,1.1097560975609757,0.8963414634146342,2.817073170731708,0.0,0.0,0.0,0.0,0.1537296037296037,0.5487455197132612,,,11.950000000000005,23.0
Miles Norris,norrimi01,3.970024390243903,1.6197317073170732,1.762378048780488,0.0,0.4921341463414634,0.2368048780487805,0.0,0.4926463414634146,0.4776219512195122,1.8869268292682928,0.2442317073170732,0.4969146341463415,0.2557964654223704,0.4921119540855433,11.966,1.920731707317073,6.487804878048781,0.6381097560975612,2.731707317073171,0.853658536585366,2.861890243902437,0.0,0.0,0.1707317073170731,0.8984756097560956,0.0426829268292682,0.4695121951219512,0.0,0.0,0.1707317073170731,0.853658536585366,0.0853658536585365,0.9817073170731708,0.7682926829268293,3.246036585365852,0.0426829268292682,0.5121951219512195,0.1707317073170731,0.8984756097560956,0.08,0.4651363271852445,0.125,0.8571428571428571,7.0,17.0
Jahlil Okafor,okafoja01,0.9559268292682928,0.0,0.4779634146341464,0.4779634146341464,0.0,0.0,0.0,0.0,0.0,0.0,0.0,0.0,,,11.198,0.5121951219512195,1.3658536585365857,0.0,0.0,0.2560975609756097,0.6829268292682927,0.2560975609756097,0.6829268292682927,0.0,0.0,0.0,0.0,0.0,0.0,0.0,0.0,0.0,0.0,0.0,0.0,0.0,0.0,0.0,0.0,,,,,6.0,16.0
Quincy Olivari,olivaqu01,1.819317073170732,0.9410731707317072,0.0,0.3073170731707317,0.0,0.0,0.3060365853658537,0.3031341463414634,0.3193536585365853,1.2995243902439026,0.0,0.0,0.2444988245054575,,11.062,1.064939024390244,2.6911585365853643,0.3841463414634146,1.6646341463414636,0.0,0.0,0.1259146341463415,0.5121951219512195,0.0,0.0,0.0,0.0,0.1280487804878048,0.5548780487804879,0.1280487804878048,0.5548780487804879,0.0853658536585365,0.5975609756097562,0.6829268292682927,1.920731707317073,0.0,0.0,0.0,0.0,0.0855952380952381,0.4147357723577234,,,6.950000000000003,16.0
Elfrid Payton,paytoel01,24.78478048780488,5.202707317073171,4.50919512195122,9.463573170731708,1.4163902439024392,0.7065731707317073,3.239378048780488,0.0452439024390243,2.286268292682927,6.691658536585366,0.3810731707317073,0.7026463414634148,0.3412982900534735,0.5432352027035046,29.996,17.79237804878049,32.573475609756095,3.241768292682927,7.384146341463415,2.9451219512195124,6.317073170731708,5.93079268292683,12.890243902439025,0.853658536585366,1.9634146341463417,0.3841463414634146,1.0670731707317074,2.091463414634146,4.439024390243903,0.0,0.1280487804878048,1.2804878048780488,3.414634146341464,4.479573170731708,9.0530487804878,0.1707317073170731,0.6402439024390244,0.3841463414634146,1.0670731707317074,0.24264341875364,0.4511972437553832,0.2941176470588235,0.8006249999999995,23.0,37.0
Alex Reese,reeseal01,9.301121951219512,5.421073170731709,3.4096829268292685,0.3272926829268293,0.8143048780487805,0.8802073170731708,0.457560975609756,1.1178658536585366,1.8245243902439023,3.8303658536585368,0.6178780487804879,0.9379146341463416,0.4767860353419583,0.6590047750931539,22.14,6.016158536585366,12.890243902439025,3.4125000000000005,7.727743902439023,2.0893292682926834,4.910670731707316,0.1280487804878048,0.5548780487804879,0.426829268292683,1.2378048780487805,0.4695121951219512,1.3231707317073171,0.2134146341463415,0.7256097560975611,0.6402439024390244,1.666768292682925,1.024390243902439,2.7338414634146324,2.3902439024390247,5.33963414634146,0.2560975609756097,0.9817073170731708,0.5121951219512195,1.4085365853658538,0.3396694665648522,0.6251329787234041,0.4330952380952381,0.8576190476190472,16.0,29.0
Liam Robbins,robbili01,2.8925365853658542,0.9231463414634148,1.1276829268292683,0.2123048780487804,0.2100853658536585,0.2122195121951219,0.5881707317073172,0.0,0.2502073170731707,0.7559146341463415,0.5427560975609756,1.0529024390243904,0.3314247457791552,0.5128766698528606,21.278,1.7500000000000002,4.182926829268293,0.5100609756097563,1.4085365853658538,0.6402439024390244,1.7926829268292683,0.0853658536585365,0.3841463414634146,0.0832317073170733,0.3841463414634146,0.0832317073170733,0.3841463414634146,0.2987804878048781,0.9390243902439024,0.0,0.0,0.0853658536585365,0.5121951219512195,0.3841463414634146,1.1951219512195124,0.2112804878048781,0.9817073170731708,0.5548780487804879,1.6646341463414636,0.1246323529411764,0.5791666666666665,0.2607890499194847,0.7503048780487802,15.0,28.0
Jackson Rowe,roweja01,4.461987804878048,2.669817073170732,1.386,0.5285,0.4826585365853659,0.0,0.1532317073170732,0.4456951219512196,0.9346707317073172,1.9909878048780487,0.3808170731707317,0.7735,0.4733436013930749,0.4952636965224086,14.904,2.601524390243903,6.617987804878047,1.4490853658536589,4.182926829268293,0.6402439024390244,2.176829268292683,0.2539634146341464,0.8963414634146342,0.2134146341463415,0.7682926829268293,0.0,0.0,0.0426829268292682,0.2987804878048781,0.1707317073170731,0.7682926829268293,0.4695121951219512,1.4939024390243902,1.152439024390244,3.030487804878049,0.1280487804878048,0.7256097560975611,0.3841463414634146,1.239939024390242,0.2998648648648648,0.6744814582023884,0.2218253968253968,0.7777777777777778,10.0,21.0
Jaylen Sims,simsja01,7.4790731707317075,4.802426829268293,0.7641951219512195,1.3818170731707318,0.3615243902439024,0.1502439024390243,0.92809756097561,0.7204024390243904,1.413060975609756,3.2753170731707324,1.3097682926829268,1.7389878048780487,0.4321066699577092,0.7549708389144635,14.634,4.524390243902439,11.05701219512195,2.689024390243903,7.341463414634147,0.3841463414634146,1.2378048780487805,0.7256097560975611,2.093597560975608,0.1707317073170731,0.5975609756097562,0.0426829268292682,0.2987804878048781,0.5121951219512195,1.451219512195122,0.3820121951219513,1.1118902439024372,0.6402439024390244,2.3902439024390247,1.747865853658537,5.079268292682928,0.6807926829268295,2.048780487804878,0.8963414634146342,2.7338414634146324,0.2909090909090909,0.6034738818709456,0.5788461538461539,0.9130434782608696,9.0,20.0
Anton Watson,watsoan02,1.6018048780487806,0.9009512195121951,0.3430853658536585,0.2404756097560975,0.1333414634146341,0.0,0.2446585365853658,0.0,0.4584146341463415,0.9619024390243904,0.0,0.0,0.4758455931075458,,17.136,0.853658536585366,2.392378048780486,0.4246951219512196,1.4939024390243902,0.1280487804878048,0.5975609756097562,0.0853658536585365,0.426829268292683,0.040548780487805,0.2582317073170712,0.0,0.0,0.0853658536585365,0.4695121951219512,0.0,0.0,0.1707317073170731,0.853658536585366,0.426829268292683,1.6219512195121952,0.0,0.0,0.0,0.0,0.2494047619047619,0.742338709677419,,,11.0,24.0
Phillip Wheeler,wheelph02,4.774085365853659,1.289878048780488,1.144158536585366,0.3824390243902439,0.1739756097560975,0.3779146341463414,0.1738048780487805,0.0,0.518939024390244,2.9986463414634144,0.3901219512195122,0.3901219512195122,0.1725466014456884,1.0,14.038,2.518292682926829,7.341463414634147,0.5548780487804879,2.2195121951219514,0.5548780487804879,1.837499999999998,0.1280487804878048,0.6850609756097542,0.0426829268292682,0.3414634146341463,0.1280487804878048,0.6829268292682927,0.0426829268292682,0.3414634146341463,0.0,0.0,0.1280487804878048,1.1097560975609757,1.4939024390243902,4.912804878048777,0.1280487804878048,0.6829268292682927,0.1280487804878048,0.6829268292682927,0.063125,0.3067179487179486,1.0,1.0,8.950000000000003,20.0
