player_id,FGA_week,FTA_week,FGP_mean,FTP_mean,draft_value,draft_value_raw,H2H_value,rank_draft,rank_h2h,value_diff,rank_diff
gilgesh01,225.63883651302194,102.11318394917483,0.5216622458001768,0.893048128342246,6.087000927243812,6.245551601423488,5.418915459619491,1.0,2.0,0.6680854676243211,-1.0
jokicni01,189.6740917948038,65.51618849516797,0.5936265472741639,0.8128834355828221,5.987514986115605,6.234875444839856,5.330348707151697,2.0,3.0,0.6571662789639081,-1.0
tatumja01,220.84365192423763,77.33653935102856,0.4631460674157303,0.8357921744708147,5.667003725097883,5.8612099644128115,5.045015511367628,3.0,7.0,0.6219882137302557,-4.0
doncilu01,205.35129872209384,84.38844871164437,0.4808531265147843,0.7672362993517973,5.522214549793891,5.832740213523132,4.175332952283186,4.0,18.0,1.3468815975107056,-14.0
vucevni01,168.68350487136362,22.600821024662764,0.5101560200176627,0.8211009174311926,5.498344606133656,5.594306049822065,5.163079691125506,5.0,4.0,0.3352649150081497,1.0
bridgmi01,185.1256366146509,41.06478267200583,0.4671474358974359,0.850253807106599,5.495334357679836,5.5765124555160135,5.495334357679836,6.0,1.0,0.0,5.0
derozde01,198.38472164681514,78.69445213684439,0.4868885526979324,0.8604060913705583,5.402554060164429,5.501779359430604,5.073130032105622,7.0,6.0,0.3294240280588072,1.0
willija06,147.45505303670615,35.78248494297553,0.5126903553299492,0.8030942334739803,5.367755427276109,5.469750889679715,4.713151106876584,8.0,9.0,0.6546043203995255,-1.0
jamesle01,186.4684538842561,52.309445931959324,0.5175625332623736,0.7655367231638418,5.355160123132087,5.601423487544484,4.244944000043728,9.0,16.0,1.1102161230883594,-7.0
duranke01,169.71053526300324,55.12273793661548,0.5336060783167739,0.8694096601073346,5.350072233138062,5.580071174377224,3.97993178318807,10.0,25.0,1.3701404499499916,-15.0
halibty01,144.2208910324559,33.00497666972637,0.479447322970639,0.8584615384615385,5.298583707662255,5.483985765124555,4.264713715923278,11.0,15.0,1.0338699917389764,-4.0
edwaran01,234.13193069209876,71.09743714821764,0.4555296115474421,0.8125,5.28434860197181,5.427046263345196,5.091018775070402,12.0,5.0,0.1933298269014081,7.0
harrito02,129.31533114077206,25.461091174365468,0.4882737408688966,0.8720472440944882,5.270236804268644,5.3487544483985765,4.6275249988700295,13.0,13.0,0.6427118053986147,0.0
foxde01,201.39017525068797,59.34655218130614,0.4800890427900074,0.777307366638442,5.165052810371115,5.334519572953737,4.409191423487537,14.0,14.0,0.755861386883578,0.0
irvinky01,162.86845211151353,34.933526263823076,0.4888685574870387,0.9081779053084648,5.160020082086822,5.370106761565836,3.5239161536202688,15.0,44.0,1.6361039284665533,-29.0
leonaka01,132.38380552083706,33.91368135624538,0.5143072289156626,0.8658892128279884,5.14118409468744,5.3238434163701065,3.260263084435937,16.0,53.0,1.880921010251503,-37.0
wembavi01,152.0903839238028,41.35329105691058,0.4694077337249143,0.8093525179856115,5.120737344818672,5.387900355871887,3.621984951213207,17.0,40.0,1.4987523936054652,-23.0
adebaba01,162.84775773865093,56.10990902889134,0.5154130702836005,0.7761862130707251,5.06986535927927,5.18505338078292,4.637071974950552,18.0,11.0,0.4327933843287184,7.0
siakapa01,186.83441735015973,58.54769899593955,0.5108868826340945,0.7495755517826825,5.050748414146678,5.170818505338078,4.681181457013995,19.0,10.0,0.36956695713268317,9.0
jacksja02,159.84891274166188,56.16324102170156,0.4766969033468877,0.7930419268510259,5.032056708182735,5.177935943060498,4.172925075078366,20.0,19.0,0.8591316331043695,1.0
davisan02,156.393963379286,65.83913008900706,0.5467511885895404,0.7938299473288186,5.0151413265659155,5.259786476868328,3.730775864884401,21.0,35.0,1.2843654616815146,-14.0
mitchdo01,190.4249603572267,52.83353721426228,0.4636578325898714,0.851145038167939,5.003731392225563,5.2313167259786475,3.966372445056849,22.0,26.0,1.0373589471687144,-4.0
lopezbr01,120.7668311512905,23.857754920551887,0.5094728171334432,0.8073593073593074,4.946249336708705,5.014234875444839,4.765288995121801,23.0,8.0,0.18096034158690433,15.0
whitede01,127.57254225751564,25.77889932095344,0.454225352112676,0.8712871287128713,4.928935836286894,5.017793594306049,4.62839096822062,24.0,12.0,0.30054486806627434,12.0
porzikr01,116.82197560975611,45.689104556626965,0.5,0.8440567066521265,4.838494085579169,5.01067615658363,3.245331398864077,25.0,54.0,1.5931626867150923,-29.0
curryst01,191.3008762054118,45.21821334891194,0.4622002085505735,0.9236725663716814,4.813418796398063,5.04270462633452,3.932915358032563,26.0,28.0,0.8805034383654995,-2.0
murraja01,157.247094879369,32.27216067897165,0.4695044472681067,0.8591331269349846,4.807267846856689,4.975088967971531,3.7520139292540016,27.0,34.0,1.0552539176026876,-7.0
wagnefr01,168.78731673167698,47.58388485884858,0.4761481481481481,0.8539915966386554,4.767120495455405,4.871886120996442,4.127628721674802,28.0,23.0,0.6394917737806027,5.0
anunoog01,124.97652265867981,25.05996826141339,0.4789071916432302,0.8091286307053942,4.762732118207989,4.871886120996441,3.717254336162333,29.0,36.0,1.0454777820456558,-7.0
bookede01,187.2554493664959,63.83034723555899,0.4807489451476793,0.8805855161787365,4.738754153584341,4.94661921708185,3.756329511987588,30.0,33.0,0.982424641596753,-3.0
portemi01,145.54716749764185,21.052672504885287,0.4918478260869565,0.7948113207547169,4.712683644139291,4.797153024911031,4.195437878319125,31.0,17.0,0.5172457658201663,14.0
murphtr02,112.0306027991488,29.458362786548705,0.4615044247787611,0.8739054290718039,4.663019460073887,4.779359430604983,3.5825637315201813,32.0,41.0,1.0804557285537055,-9.0
reaveau01,122.37726295412267,45.61496951999252,0.4835832995541143,0.8660022148394242,4.640076283405903,4.7437722419928825,4.130799618154035,33.0,22.0,0.5092766652518677,11.0
butleji01,114.06378912601629,70.05222031262747,0.5162423178226514,0.8506401137980085,4.62301669710218,4.786476868327402,3.3826951442211075,34.0,50.0,1.2403215528810727,-16.0
townska01,128.4582348844673,41.12976022540422,0.51272166538165,0.8516746411483254,4.562367894613604,4.775800711743772,3.0044861745016416,35.0,61.0,1.5578817201119621,-26.0
barnesc01,149.08226922229662,39.85570711349011,0.4581264481959616,0.7684605757196495,4.548256173658975,4.711743772241993,3.716258093111601,36.0,37.0,0.8319980805473737,-1.0
turnemy01,121.44895574940372,41.212108706749845,0.5169180595189564,0.776173285198556,4.544834284592605,4.6512455516014235,3.8797365844083216,37.0,29.0,0.6650977001842837,8.0
holidjr01,113.81880507657405,17.521904363431933,0.4704595185995623,0.8650306748466258,4.534651897197844,4.654804270462632,3.649841770915338,38.0,39.0,0.8848101262825061,-1.0
giddejo01,137.22116263106045,26.031869910697143,0.4748461816865725,0.7728194726166329,4.516645644933205,4.619217081850534,4.131078333780371,39.0,21.0,0.38556731115283416,18.0
brownja02,188.5036845414795,48.73181214430894,0.4854937450093159,0.7453416149068323,4.509994779287463,4.6690391459074725,3.6849957342958537,40.0,38.0,0.8249990449916091,2.0
brunsja01,201.73860457068452,66.5808816941805,0.4852832055404402,0.8332086761406133,4.505057854884121,4.669039145907473,3.845781095632786,41.0,30.0,0.6592767592513349,11.0
georgpa01,139.96748911827183,34.83281190195041,0.4576512455516014,0.8782991202346041,4.417104849089407,4.6085409252669045,3.070426541440197,42.0,58.0,1.34667830764921,-16.0
banede01,135.1659778793778,28.24592616808698,0.4767654592023417,0.8829787234042553,4.3784663093610625,4.562277580071175,2.990172113709994,43.0,63.0,1.3882941956510684,-20.0
hartjo01,98.09972765062355,25.587517175328824,0.494667343829355,0.7701612903225806,4.369723205888062,4.444839857651246,4.156565976332546,44.0,20.0,0.21315722955551575,24.0
murrake02,128.97017175584546,15.099686626016263,0.4505238649592549,0.8122743682310469,4.2419177887240425,4.298932384341637,4.034994969761894,45.0,24.0,0.20692281896214837,21.0
markkla01,136.14790073557134,43.25371036184211,0.473126142595978,0.8826945412311266,4.201922170398792,4.359430604982206,2.8696053846625897,46.0,70.0,1.332316785736202,-24.0
avdijde01,110.92508113606586,41.09635099706046,0.4766397124887691,0.7580246913580246,4.170352821083984,4.274021352313167,3.763489131222132,47.0,32.0,0.40686368986185206,15.0
holmgch01,96.91093445121952,31.217240060402176,0.5193199381761978,0.7799511002444988,4.169050213459995,4.309608540925266,2.8979983191124354,48.0,68.0,1.2710518943475595,-20.0
embiijo01,122.31200699970394,67.96564824789687,0.5284683239775461,0.8685344827586207,4.155933866266378,4.455516014234876,2.077966933133189,49.0,123.0,2.077966933133189,-74.0
hardeja01,147.9897903027386,63.35934636051831,0.4237918215613382,0.872954014029618,4.139175059915992,4.327402135231317,3.5334421243185297,50.0,43.0,0.6057329355974623,7.0
allengr01,86.0211678194394,19.98025152439024,0.4652777777777778,0.8682170542635659,4.053922766256065,4.10320284697509,3.4606657760722506,51.0,47.0,0.5932569901838143,4.0
okongon01,77.26044896578006,27.18110561154511,0.6002587322121604,0.7746212121212122,3.9954164862561554,4.048042704626335,3.410721390706474,52.0,48.0,0.5846950955496815,4.0
randlju01,160.1039819984473,58.27104797464275,0.4702213907078266,0.7773972602739726,3.9358618197444857,4.124555160142348,3.071892151995696,53.0,57.0,0.8639696677487896,-4.0
barneha02,109.65383137503426,40.93839254417994,0.4841341795104261,0.8267326732673267,3.934530710283209,3.9608540925266906,3.934530710283209,54.0,27.0,0.0,27.0
horfoal01,68.08609122889304,5.51205581300813,0.4687270051508462,0.8426966292134831,3.896399768545435,3.950177935943061,2.993575431931249,55.0,62.0,0.9028243366141862,-7.0
valanjo01,108.09491136814343,30.267182069941885,0.5518038852913969,0.8265993265993266,3.8931359129676695,3.950177935943061,3.845658645736356,56.0,31.0,0.04747726723131329,25.0
lavinza01,149.21728276815983,41.06015331010453,0.4914630063608972,0.8406862745098039,3.8810342245154463,4.06761565836299,2.7924514542245285,57.0,74.0,1.0885827702909179,-17.0
vanvlfr01,143.29600800338105,33.3326014126378,0.3970231914157148,0.8659476117103235,3.851590687301192,4.017793594306049,3.1470314152339003,58.0,56.0,0.7045592720672915,2.0
maxeyty01,170.8511174192485,43.903604762819285,0.4539877300613497,0.865909090909091,3.7802655747319167,3.9679715302491103,2.8121487812030117,59.0,73.0,0.968116793528905,-14.0
caldwke01,87.43491026841448,17.47579087071465,0.4543391945547362,0.8588588588588588,3.767634240361473,3.7758007117437717,3.4919536861886824,60.0,46.0,0.2756805541727907,14.0
olynyke01,65.77924815655135,26.237002999264334,0.5204236006051437,0.8288461538461539,3.7583983654305606,3.8291814946619223,2.8875499636844557,61.0,69.0,0.8708484017461049,-8.0
collijo01,99.40888727752142,26.368044559099438,0.5221774193548387,0.8140417457305503,3.7569791339745358,3.8540925266903914,2.749009122420392,62.0,75.0,1.0079700115541437,-13.0
portibo01,115.49837071674399,16.66216410808226,0.4926597582037996,0.7919254658385093,3.7443109600017106,3.8238434163701074,3.0593760282940803,63.0,59.0,0.6849349317076303,4.0
bealbr01,114.75173316895368,25.365137439914548,0.505418292154313,0.8236472945891784,3.655099944820127,3.804270462633452,2.317868257690812,64.0,105.0,1.3372316871293148,-41.0
murrade01,163.13922358823726,29.340795497185745,0.4511599511599511,0.8125,3.6489837975286123,3.832740213523132,2.7144879469420164,65.0,78.0,0.9344958505865959,-13.0
braunch01,80.1623046605377,21.203356333595597,0.5279347143753923,0.7524271844660194,3.6443750804364035,3.6619217081850532,3.5110442848106813,66.0,45.0,0.13333079562572214,21.0
garlada01,156.85435210367956,38.002420383006,0.4615139949109414,0.8615179760319573,3.6361680767912627,3.779359430604983,2.971015379817251,67.0,66.0,0.6651526969740118,1.0
sabondo01,143.98068323556657,57.37595136556156,0.5995170748533977,0.7311733800350263,3.619245166785309,3.7366548042704624,3.3985594858837653,68.0,49.0,0.2206856809015436,19.0
wallaca01,69.97977893964911,6.693260231500623,0.4822771213748657,0.7972972972972973,3.606620977061322,3.597864768683274,3.298738698531697,69.0,51.0,0.3078822785296249,18.0
johnske04,137.58721715029412,37.86085956354301,0.4608378870673952,0.7681940700808625,3.534281435996256,3.6192170818505334,3.0170695185333893,70.0,60.0,0.5172119174628667,10.0
hieldbu01,133.29555847218185,13.693990521327013,0.4390426327599102,0.8373015873015873,3.5337189832900924,3.583629893238433,3.5337189832900924,71.0,42.0,0.0,29.0
reidna01,116.43164061765837,21.696006635581057,0.4857507443641004,0.7320574162679426,3.5178111157682115,3.583629893238434,3.2604103024193183,72.0,52.0,0.2574008133488932,20.0
nesmiaa01,79.35211933224076,18.232779488539038,0.4731920199501246,0.8328690807799443,3.5137311236118007,3.5516014234875444,2.699573912043213,73.0,80.0,0.8141572115685878,-7.0
toppiob01,79.95214211839188,13.772754528335724,0.5234815278647464,0.7816091954022989,3.463428965670623,3.4804270462633458,3.210007334036187,74.0,55.0,0.25342163163443576,19.0
herroty01,161.5887598553602,31.35404062831389,0.4537554314090627,0.8903225806451613,3.3957387071204463,3.5658362989323846,2.56750975416424,75.0,91.0,0.8282289529562061,-16.0
vassede01,127.4821166945191,21.75204071126041,0.4539370078740157,0.7933491686460807,3.375970036058918,3.4911032028469746,2.346710878723882,76.0,101.0,1.0292591573350363,-25.0
joneshe01,62.79307437406462,18.597727087322067,0.4781919111816019,0.8161559888579387,3.3601851695301765,3.412811387900356,2.212804867739385,77.0,111.0,1.1473803017907915,-34.0
powelno01,119.38226314884305,35.89127248016456,0.4828724721419727,0.8137254901960784,3.316808764800984,3.4056939501779353,2.629177679415414,78.0,87.0,0.6876310853855698,-9.0
lillada01,172.87726404298766,72.85227222549642,0.4439642754249496,0.9180887372013652,3.2993176389160457,3.5302491103202844,2.5348416006306205,79.0,95.0,0.7644760382854252,-16.0
johnsca02,91.21058776489404,23.185385875031432,0.4641304347826087,0.8546255506607929,3.2883665180176367,3.3914590747330964,2.085305596791672,80.0,121.0,1.2030609212259646,-41.0
carusal01,57.16931865294036,11.668133585646203,0.4583698510078878,0.7909090909090909,3.28194805580208,3.3060498220640575,2.561520433796745,81.0,92.0,0.7204276220053352,-11.0
antetgi01,199.15168501675066,113.51962936683063,0.5892586989409985,0.6404245908889872,3.2733987857984967,3.5302491103202844,2.714525822369485,82.0,77.0,0.5588729634290117,5.0
mccolcj01,170.6484120079691,28.167866792856316,0.4457193292144748,0.7672727272727272,3.262996365553084,3.419928825622775,2.6263141478841896,83.0,88.0,0.6366822176688944,-5.0
dosunay01,86.1092953214306,13.990505754036416,0.4959723820483314,0.8007518796992481,3.2616243836749863,3.3060498220640575,2.6649857769051715,84.0,84.0,0.5966386067698148,0.0
russeda01,131.89296348147084,28.04173771852915,0.4448612153038259,0.8300180831826401,3.224871954473484,3.348754448398576,2.6742840598072792,85.0,83.0,0.5505878946662048,2.0
mobleev01,120.45552756323396,39.221600359856055,0.5613305613305614,0.7038461538461539,3.218515645117048,3.345195729537367,2.6297627832053925,86.0,86.0,0.5887528619116553,0.0
whiteco01,146.57876323616898,33.17630673692753,0.4487004103967168,0.8728414442700158,3.2127077294194666,3.3131672597864767,2.977631554096091,87.0,64.0,0.23507617532337566,23.0
jonesty01,103.14560579882577,11.093439061798593,0.4579893152015541,0.8274111675126904,3.210746404717154,3.2633451957295367,2.975813740957362,88.0,65.0,0.23493266375979172,23.0
cunnica01,141.77415519019144,34.509400584825705,0.456811797752809,0.8544395924308588,3.207442367459384,3.4412811387900355,1.87752723948842,89.0,134.0,1.3299151279709642,-45.0
poolejo01,175.5128462860681,45.553453949992345,0.4251633058790116,0.8755506607929515,3.153670149891489,3.277580071174377,2.9229137974604047,90.0,67.0,0.23075635243108428,23.0
sengual01,144.81282256732726,53.90631444124764,0.5253077975376197,0.6985018726591761,3.1299317333444816,3.270462633451957,2.7100628422860757,91.0,79.0,0.41986889105840586,12.0
jaqueja01,86.25692559104519,24.941579562151045,0.4779982743744607,0.7854889589905363,3.1086543273585505,3.1530249110320288,2.653729303842665,92.0,85.0,0.4549250235158855,7.0
wiggiaa01,75.17177086774852,12.937095528455284,0.5129427792915532,0.8181818181818182,3.0969083503237917,3.1138790035587185,2.8325381252961512,93.0,71.0,0.2643702250276405,22.0
brownbr01,81.44833484047635,18.592065069077265,0.4693627450980392,0.7944444444444444,3.094940571711841,3.1387900355871885,2.377820195339585,94.0,100.0,0.7171203763722556,-6.0
dortlu01,106.95020600454734,24.55056921829606,0.4168629298162977,0.7847826086956522,3.0932675028862633,3.1387900355871885,2.829208081908168,95.0,72.0,0.2640594209780951,23.0
huntede01,112.79553312363818,33.18285082515907,0.4632843791722296,0.8401826484018264,2.9747602670093474,3.0498220640569396,2.2854865466047425,96.0,106.0,0.6892737204046049,-10.0
camarto01,86.54821739837399,17.627891290772848,0.4549393414211438,0.7377777777777778,2.9730869679381655,3.0071174377224206,2.6830297027734664,97.0,81.0,0.2900572651646991,16.0
monkma01,130.3393573013713,29.948423936527753,0.4433028919330289,0.8610169491525423,2.9575256298347683,3.055160142348755,2.560784386808153,98.0,93.0,0.3967412430266153,5.0
sextoco01,118.80898985142788,40.58874283667623,0.4884112937210282,0.8512195121951219,2.945563806260867,3.042704626334519,2.2630551194443247,99.0,108.0,0.6825086868165422,-9.0
colliza01,73.06609552845529,19.676497797536502,0.5013642564802183,0.7827225130890052,2.943252840308054,3.0035587188612105,2.333066275853945,100.0,103.0,0.6101865644541089,-3.0
thompkl01,162.76186585365858,18.022895869394183,0.4282648681790312,0.9037900874635568,2.923395586760568,3.03202846975089,2.6025350955307496,101.0,89.0,0.3208604912298183,12.0
yabusgu01,84.31339507654384,20.99518536585366,0.5008880994671403,0.7246376811594203,2.9183280562264176,2.97153024911032,2.491255657754259,102.0,96.0,0.4270723984721587,6.0
mannte01,71.05835849654667,14.444894914969794,0.5111888111888112,0.7758007117437722,2.8481339192364308,2.8469750889679712,2.5702671954084866,103.0,90.0,0.2778667238279442,13.0
dinwisp01,118.6856830126241,39.845074164479776,0.4194772344013491,0.8071519795657727,2.818924090177461,2.903914590747331,2.6814155979736825,104.0,82.0,0.1375084922037786,22.0
jonestr01,79.68033708770379,18.650872673299105,0.4882985452245414,0.8515406162464986,2.80843293394902,2.8683274021352316,2.1919476557650888,105.0,113.0,0.6164852781839314,-8.0
buzelma01,83.94863821138212,17.061309728381378,0.4540540540540541,0.8148148148148148,2.797399991468432,2.814946619217082,2.7291707233838363,106.0,76.0,0.06822926808459595,30.0
paulch01,85.11780482106224,16.063730305578922,0.4359720605355064,0.8585526315789473,2.785421457506419,2.882562277580071,2.241924587749069,107.0,109.0,0.5434968697573499,-2.0
divindo01,107.50143331694206,13.375761531656769,0.4351895180159101,0.7782258064516129,2.779778182704151,2.864768683274021,2.440780843349986,108.0,98.0,0.33899733935416476,10.0
thompam01,86.5140610485471,30.62580399113082,0.5485564304461942,0.6840796019900498,2.7567528774598493,2.8576512455516014,2.218849876979879,109.0,110.0,0.5379030004799703,-1.0
allenja01,104.53554754899349,41.48994419807835,0.6589928057553956,0.7315270935960592,2.741166993585068,2.8042704626334523,2.5405937989325023,110.0,94.0,0.20057319465256596,16.0
conlemi01,85.3796108490566,19.530895485170127,0.4308943089430894,0.8733153638814016,2.708912190570957,2.7615658362989324,2.345521530860218,111.0,102.0,0.3633906597107388,9.0
porteke02,114.88904407359863,33.757633621625544,0.4453125,0.7782909930715936,2.6974821270163356,2.814946619217082,2.204040274513347,112.0,112.0,0.49344185250298844,0.0
greendr01,67.31445793994232,17.326854867535744,0.4804428044280442,0.7051671732522796,2.694060391447037,2.782918149466192,2.135535676147041,113.0,119.0,0.5585247152999959,-6.0
marshna01,82.9773151554526,22.315887957317074,0.4721212121212121,0.7980997624703088,2.689781416636666,2.7259786476868326,2.3289570802585766,114.0,104.0,0.3608243363780894,10.0
hachiru01,90.86270627919048,18.663955625778886,0.5119825708061002,0.7486338797814208,2.684309697130563,2.733096085409253,2.0623354990149445,115.0,125.0,0.6219741981156184,-10.0
oubreke01,121.96161541091286,31.74681447749987,0.446267432321575,0.7536,2.6442247288340024,2.7544483985765127,1.9025519390390992,116.0,133.0,0.7416727897949031,-17.0
ingrabr01,108.44988635447616,31.392965634009066,0.4846681922196796,0.8406940063091483,2.6373820251807567,2.8327402135231314,1.350854208019412,117.0,176.0,1.2865278171613448,-59.0
aldamsa01,87.1724835358298,16.956565958418395,0.4635267087880528,0.6984615384615385,2.625683451220994,2.6832740213523123,2.1773960327198485,118.0,114.0,0.4482874185011454,4.0
mccontj01,86.96174747507614,11.773852301457465,0.5391254315304949,0.7922705314009661,2.6255255712294616,2.6512455516014235,2.4013953395391416,119.0,99.0,0.22413023169031998,20.0
kispeco01,97.07171467078405,17.320418618348118,0.4794238683127572,0.7927927927927928,2.598914043017618,2.6263345195729535,2.28197330606425,120.0,107.0,0.3169407369533679,13.0
gordoaa01,98.48132249446694,38.5109702610184,0.5526849037487336,0.6732283464566929,2.590480475863649,2.6903914590747324,2.0218384201862625,121.0,127.0,0.5686420556773863,-6.0
grantje01,117.09401915615908,41.916991839762616,0.4411638853230638,0.8219512195121951,2.5893972871020314,2.725978647686832,1.7367908633001432,122.0,147.0,0.8526064238018882,-25.0
youngtr01,189.4674768934532,80.21656920406214,0.4228934817170111,0.8742999377722465,2.57388738488807,2.775800711743772,2.134443197224253,123.0,120.0,0.4394441876638169,3.0
anthoco01,95.31242927119978,25.285998314203738,0.4378914405010438,0.8483033932135728,2.547604217484432,2.6085409252669045,2.1437157439808026,124.0,116.0,0.40388847350362944,8.0
huertke01,100.48371535926172,12.07967442330297,0.4556650246305418,0.7312775330396476,2.542468463924199,2.612099644128114,2.1393941952532893,125.0,118.0,0.4030742686709097,7.0
pritcpa01,88.31006340103364,9.354469653998867,0.4621993127147766,0.8269230769230769,2.5090069339155843,2.5836298932384345,2.141835187488913,126.0,117.0,0.36717174642667105,9.0
carrica01,112.25121975609758,13.318724814422058,0.4010695187165775,0.8117647058823529,2.477691345221793,2.5088967971530245,2.477691345221793,127.0,97.0,0.0,30.0
aytonde01,105.12974020572989,17.667809255480687,0.5769961977186312,0.7581120943952803,2.4738177873599394,2.6120996441281137,1.629099518505326,128.0,153.0,0.8447182688546133,-25.0
roziete01,140.29446951219515,27.16211521907075,0.4193548387096774,0.8403041825095057,2.428480057928436,2.555160142348755,1.86578345914014,129.0,135.0,0.5626965987882957,-6.0
princta02,73.34003449935817,10.727119733924615,0.4539249146757679,0.7979274611398963,2.3920556825409984,2.3985765124555165,2.0711701641513525,130.0,124.0,0.32088551838964596,6.0
wiggian01,106.97805518323825,26.681932112756993,0.4557728119180633,0.7374517374517374,2.3718626932932465,2.473309608540925,1.61980866859051,131.0,154.0,0.7520540247027365,-23.0
bogdabo01,109.41659598864857,16.26752009068168,0.4330458465728552,0.8892508143322475,2.368612436271576,2.4519572953736652,1.7909020859614355,132.0,141.0,0.5777103503101404,-9.0
anderky01,61.86524343972362,17.80270731707317,0.4817221770917952,0.7248520710059172,2.3353288387202293,2.3594306049822062,1.9935733989075128,133.0,128.0,0.3417554398127165,5.0
easonta01,70.07416835217134,14.908693167230718,0.4659090909090909,0.7411347517730497,2.314442944132578,2.3665480427046264,1.5241453534531613,134.0,163.0,0.7902975906794167,-29.0
hausesa01,72.02865339680615,3.570001067073171,0.4502801120448179,0.851063829787234,2.2937897599692523,2.2953736654804273,2.1539245307028345,135.0,115.0,0.13986522926641776,20.0
joeis01,79.06065896471199,12.250373043846047,0.4459203036053131,0.8317307692307693,2.279486354504188,2.2882562277580067,2.0848960559489527,136.0,122.0,0.19459029855523546,14.0
smithja04,64.91712538453086,17.367880851691584,0.5080091533180778,0.7515151515151515,2.2622550594072313,2.277580071174377,1.76566248539101,137.0,144.0,0.49659257401622137,-7.0
mathube01,122.7381251967849,51.31089731152994,0.4458856911228212,0.8277227722772277,2.2426790705870947,2.3309608540925266,1.9144821334280075,138.0,132.0,0.32819693715908715,6.0
quickim01,113.76458472594817,31.511036678636387,0.4369488536155202,0.8421900161030595,2.2253107921982265,2.3487544483985765,1.6554141259035586,139.0,152.0,0.5698966662946678,-13.0
grimequ01,88.754428523895,20.173046254673313,0.4495151169423845,0.7675070028011205,2.211946524304949,2.295373665480427,1.7803472024893492,140.0,142.0,0.4315993218155998,-2.0
claxtni01,86.12265532150776,31.412942035060976,0.6332757628094415,0.5369127516778524,2.2093818744796523,2.259786476868327,1.9399450605187192,141.0,129.0,0.2694368139609331,12.0
onealro01,85.63840679824561,7.8896200498295315,0.4018801410105758,0.7153846153846154,2.18392221854672,2.2206405693950173,2.0507562296109443,142.0,126.0,0.13316598893577591,16.0
brookdi01,131.78298456572125,22.11254268292683,0.4163526752072343,0.8127962085308057,2.167719487741395,2.2170818505338086,1.9297990561600225,143.0,130.0,0.23792043158137233,13.0
bouchch01,56.31411284347022,18.186740876495847,0.4955197132616487,0.7694524495677233,2.141779737924223,2.1565836298932384,1.5410366407015752,144.0,161.0,0.600743097222648,-17.0
nembhan01,84.7306429419383,13.715095266843758,0.4639296187683284,0.7952755905511811,2.1351561461392077,2.177935943060498,1.796655781507382,145.0,140.0,0.33850036463182565,5.0
schrode01,120.2857357320699,34.62697237539768,0.4197171381031614,0.8443465491923642,2.1350603422582584,2.2135231316725976,1.9267617722818429,146.0,131.0,0.2082985699764155,15.0
trentga02,121.22444300902137,20.878058434959357,0.4300943009430094,0.8244274809160306,2.130232973789031,2.185053380782918,1.818491562990636,147.0,139.0,0.3117414107983951,8.0
strusma01,94.73515666041277,11.952754231640677,0.4193548387096774,0.8318181818181818,2.123636732613277,2.192170818505338,1.735166598598653,148.0,148.0,0.38847013401462394,0.0
harteis01,58.84672510531345,18.238533895265423,0.5878839590443686,0.6898550724637681,2.119865355793477,2.1708185053380786,1.835493173918742,149.0,137.0,0.2843721818747349,12.0
washipj01,122.55738725391389,27.460409379337694,0.4437652811735941,0.7137330754352031,2.1160875250640356,2.2241992882562274,1.7548042890774929,150.0,145.0,0.3612832359865428,5.0
nurkiju01,74.43842330081303,30.008879947229552,0.5053908355795148,0.6523235800344234,2.0826534224132174,2.1957295373665477,1.5238927481072322,151.0,164.0,0.5587606743059852,-13.0
cartewe01,76.35875747761857,25.51105357856858,0.5042511445389143,0.7261904761904762,2.0707633941886288,2.1459074733096095,1.5151927274550945,152.0,166.0,0.5555706667335343,-14.0
georgky01,82.08138772077375,15.205613414634147,0.3717948717948718,0.7526881720430108,2.0464281831768103,2.0925266903914586,1.6970380055612573,153.0,149.0,0.349390177615553,4.0
wareke01,69.97518079149664,10.996787977200425,0.5538793103448276,0.6865671641791045,2.0346001543142695,2.096085409252669,1.5879806082452836,154.0,157.0,0.4466195460689859,-3.0
suggsja01,81.03363281488518,19.63639215825298,0.4386821232458816,0.7818181818181819,2.0344151539590802,2.1209964412811386,1.3397368087047603,155.0,177.0,0.6946783452543199,-22.0
daniedy01,72.70750208624334,13.226768783046222,0.4722607489597781,0.6137339055793991,2.026749015583663,2.085409252669039,1.6065693416211964,156.0,155.0,0.4201796739624666,1.0
millebr02,117.43266608163859,18.954665298809388,0.4282083862770012,0.8373015873015873,2.000041913736476,2.1387900355871885,1.219537752278339,157.0,192.0,0.7805041614581372,-35.0
risacza01,116.89591666666668,23.4749997123792,0.4582798459563543,0.7114093959731543,1.9971546662757982,2.0427046263345194,1.826665853301035,158.0,138.0,0.17048881297476326,20.0
leverca01,108.14131054652216,28.189211031323513,0.4372975474317445,0.7350746268656716,1.9932875623235837,2.0711743772241995,1.6772785585405765,159.0,150.0,0.3160090037830072,9.0
wagnemo01,60.005360534219164,25.357563059198434,0.5597326649958229,0.8024193548387096,1.9909901949268651,2.01067615658363,1.359700620925664,160.0,174.0,0.6312895740012012,-14.0
filipky01,78.52586013133207,22.730024390243905,0.5019305019305019,0.6503496503496503,1.986238654621387,2.0569395017793597,1.7440144284480472,161.0,146.0,0.24222422617333983,15.0
thompau01,70.419354398408,20.1654918699187,0.5085106382978724,0.6206896551724138,1.968767197459508,2.0142348754448403,1.4645707200613414,162.0,170.0,0.5041964773981666,-8.0
elliske01,36.42858929976397,7.30347146578262,0.4789325842696629,0.8046875,1.9684858559836236,1.9750889679715304,1.224302178721522,163.0,191.0,0.7441836772621016,-28.0
moranja01,113.35908371951218,43.636668441793596,0.4619445666520018,0.7806818181818181,1.9664573827347205,2.1886120996441276,0.9592475037730344,164.0,208.0,1.0072098789616861,-44.0
willipa01,77.97840398589827,13.266704147548902,0.4368556701030928,0.7952755905511811,1.937218591347251,1.9608540925266902,1.4883508689619125,165.0,169.0,0.44886772238533856,-4.0
stewais01,56.88092702631694,16.922661661585366,0.4894551845342706,0.7476635514018691,1.9366290182774324,1.9822064056939501,1.3225759149211735,166.0,180.0,0.6140531033562588,-14.0
kornelu01,32.95265479803554,10.439612310481214,0.6768759571209801,0.7789473684210526,1.9233743063182698,1.9003558718861207,1.59499332719076,167.0,156.0,0.32838097912750985,11.0
hardati02,125.74559656588754,25.252158320469285,0.4027167399121055,0.824634655532359,1.9100449174233856,1.9572953736654803,1.7702855332216745,168.0,143.0,0.13975938420171108,25.0
niangge01,87.90792019278148,9.333087383428982,0.4515393386545039,0.8343558282208589,1.9039488993461402,1.903914590747331,1.8575111213133075,169.0,136.0,0.046437778032832666,33.0
banchpa01,171.42489700657947,73.89249122945819,0.4450581395348837,0.7300405953991881,1.8496913619609296,2.02135231316726,1.488775974261236,170.0,168.0,0.36091538769969356,2.0
alexani01,72.12173217636023,12.864066161850479,0.4396135265700483,0.757201646090535,1.8442529864825155,1.8540925266903914,1.664325865850075,171.0,151.0,0.17992712063244043,20.0
willigr01,59.791560506566626,16.088487250554326,0.4534883720930232,0.7725752508361204,1.8285852042770203,1.871886120996441,1.2710897151681726,172.0,188.0,0.5574954891088477,-16.0
batumni01,44.147765564826706,5.904241962305988,0.4342857142857143,0.7333333333333333,1.8032350275296687,1.7900355871886124,1.583328316855319,173.0,158.0,0.21990671067434975,15.0
jonesde02,65.93658298743756,17.537659040516026,0.5053272450532724,0.7159763313609467,1.7895898786517184,1.7829181494661928,1.57134721052346,174.0,159.0,0.21824266812825832,15.0
poeltja01,78.84955632621953,24.294047893569843,0.6349206349206349,0.6084070796460177,1.7890898857988147,1.8861209964412815,1.309090160340596,175.0,183.0,0.4799997254582187,-8.0
podzibr01,91.80225156035591,14.646285635745704,0.4494290375203915,0.7011494252873564,1.7715634971728074,1.8291814946619218,1.4907058695722404,176.0,167.0,0.280857627600567,9.0
sochaje01,88.96178632797775,20.026230712911968,0.468002225932109,0.7246753246753247,1.7669626154638716,1.839857651245552,1.3144477993084898,177.0,182.0,0.4525148161553818,-5.0
goberru01,83.260857596889,50.49784386690109,0.662874251497006,0.650049850448654,1.759831502436821,1.839857651245552,1.566679264364487,178.0,160.0,0.19315223807233406,18.0
sharpsh01,108.78977843663762,24.43976733521468,0.4487648673376029,0.778969957081545,1.742943087686585,1.836298932384341,1.2965796140107522,179.0,186.0,0.44636347367583284,-7.0
barrerj01,151.72582330083617,49.63526371511913,0.4628044766293614,0.6981891348088531,1.6974822037648714,1.8291814946619223,1.3041631565510596,180.0,185.0,0.3933190472138117,-5.0
brogdma01,72.13897708904602,19.842584857723583,0.4604904632152589,0.8571428571428571,1.66086629736407,1.7580071174377223,0.8709420827640855,181.0,214.0,0.7899242145999845,-33.0
zubaciv01,98.59135324555439,32.34054077916345,0.6354430379746835,0.690625,1.6601735455212407,1.718861209964413,1.5184514135865008,182.0,165.0,0.14172213193473993,17.0
kuzmaky01,163.5389224156982,34.9218861246056,0.4511050560096881,0.7172312223858616,1.6520623457570478,1.800711743772242,1.3297087173166484,183.0,179.0,0.3223536284403994,4.0
reedpa01,42.984683302063786,9.846555017687582,0.5475330926594465,0.7359550561797753,1.648564475029859,1.6370106761565835,1.3067889131334247,184.0,184.0,0.3417755618964342,0.0
middlkh01,69.4570970575073,16.091295108093124,0.4718614718614718,0.8627450980392157,1.627260716165623,1.7188612099644127,0.8334750009628801,185.0,218.0,0.7937857152027429,-33.0
kuminjo01,96.84616935897438,34.41249403217437,0.5059678256357032,0.6994047619047619,1.6152748073115482,1.6903914590747326,1.2410038153735066,186.0,190.0,0.3742709919380416,-4.0
simonan01,149.22654468120874,27.68742954133608,0.4343199201862321,0.9038112522686026,1.6123678911278114,1.7615658362989324,1.160118360689523,187.0,194.0,0.4522495304382885,-7.0
wellsja01,101.06029089827483,21.262733602504948,0.4245562130177515,0.8222222222222222,1.5847201934866708,1.5907473309608546,1.5267426254322805,188.0,162.0,0.05797756805439036,26.0
edeyza01,64.6223204863473,19.277386788617886,0.5796766743648961,0.7086614173228346,1.5832325087589576,1.6370106761565835,1.2743090924157463,189.0,187.0,0.3089234163432113,2.0
westbru01,123.07942613460945,35.81222372210691,0.4450704225352113,0.6647807637906648,1.5782821392965911,1.6868327402135241,1.3858087076750556,190.0,171.0,0.19247343162153552,19.0
durenja01,75.37016019561717,29.887801988930114,0.653183023872679,0.6913793103448276,1.5711371207193034,1.6512455516014235,1.322054406458926,191.0,181.0,0.24908271426037754,10.0
georgke01,129.6011938538744,38.679027366778406,0.3910034602076124,0.8307086614173228,1.5426125918625657,1.637010676156583,1.3356767563688068,192.0,178.0,0.20693583549375894,14.0
dunnkr01,48.36479268292685,6.725073796122577,0.4710144927536231,0.7289719626168224,1.5143070213769887,1.5373665480427046,0.9972265750531388,193.0,202.0,0.5170804463238499,-9.0
bryanth01,42.54100926090942,12.47472086720867,0.5709177592371871,0.7974683544303798,1.496945273646295,1.4946619217081851,0.9857932289865844,194.0,205.0,0.5111520446597105,-11.0
kennalu01,56.2556702530203,7.841905892721035,0.4742907801418439,0.9078014184397164,1.4847676802817869,1.523131672597865,0.9777738382343476,195.0,206.0,0.5069938420474392,-11.0
gaffoda01,64.10454098621422,28.942287949293966,0.7198748043818466,0.6810035842293907,1.4656233077914007,1.5088967971530252,1.2511418481146104,196.0,189.0,0.21448145967679033,7.0
okorois01,55.41267525349413,15.273777170014347,0.4850136239782016,0.7132867132867133,1.4616254442113081,1.4483985765124554,1.1942549361238737,197.0,193.0,0.26737050808743446,4.0
looneke01,44.56307126815304,18.08125599396164,0.5854748603351956,0.6112759643916914,1.4454226366574467,1.4306049822064058,1.3572871100319923,198.0,175.0,0.08813552662545443,23.0
knechda01,85.05038339897504,13.357000381097563,0.4614003590664273,0.7619047619047619,1.4366048562487232,1.4519572953736652,1.3665265705780538,199.0,172.0,0.07007828567066943,27.0
gordoer01,73.40649362187642,15.51763759452551,0.4420338983050847,0.8035087719298246,1.40378790752259,1.4306049822064058,1.0100425188272295,200.0,200.0,0.3937453886953606,0.0
nancela02,35.337643187032114,8.228414634146343,0.5763195435092725,0.7254901960784313,1.4020873345906815,1.416370106761566,0.8549313015796838,201.0,215.0,0.5471560330109977,-14.0
hollaro01,62.516695802897125,19.986758351007428,0.4735576923076923,0.7540983606557377,1.3792810644660742,1.3380782918149463,1.3624605636799023,202.0,173.0,0.01682050078617192,29.0
moodymo01,61.623017625066765,15.248467606707317,0.4510288065843621,0.7741935483870968,1.3696198736179799,1.3558718861209964,1.135782334219788,203.0,196.0,0.23383753939819196,7.0
konchjo01,31.923813887366403,4.64721836890244,0.431340872374798,0.8115942028985508,1.3578328706693303,1.3380782918149468,0.9604183719368432,204.0,207.0,0.39741449873248713,-3.0
martica02,70.36590376798,16.417139737991267,0.442239546420978,0.7387096774193549,1.3566674765828586,1.3879003558718863,0.992683519450872,205.0,203.0,0.3639839571319866,2.0
hendesc01,110.59008160877065,31.002488461538462,0.4008097165991903,0.7926829268292683,1.3269501262818526,1.4234875444839852,1.0356683912443727,206.0,199.0,0.2912817350374799,7.0
finnedo01,72.71759571460196,9.09475355691057,0.4187975120939876,0.72,1.311796012233892,1.3309608540925264,1.05583581472484,207.0,198.0,0.2559601975090522,9.0
iveyja01,117.45586708697428,38.41046739176303,0.4288729421696918,0.7458064516129033,1.278533771873378,1.3843416370106763,0.9355125160049108,208.0,210.0,0.3430212558684672,-2.0
capelca01,76.08576118217209,21.971985094850954,0.5965025906735751,0.6013824884792627,1.2686458640193867,1.3202846975088973,0.9901626255761068,209.0,204.0,0.27848323844327993,5.0
kesslwa01,58.30552868504772,21.66223524783635,0.6804733727810651,0.5371287128712872,1.2607125199639264,1.323843416370107,0.9993452902153076,210.0,201.0,0.2613672297486188,9.0
dasiltr01,73.28169355925974,10.33477633037694,0.4120082815734989,0.873015873015873,1.2426031656748107,1.2419928825622781,1.1213735885358047,211.0,197.0,0.12122957713900595,14.0
willizi01,102.80649593495937,48.70358609899151,0.5779816513761468,0.6937945066124109,1.2408282228013197,1.4234875444839856,0.650678214395814,212.0,230.0,0.5901500084055057,-18.0
lowryky01,49.71945519817074,13.255806802036469,0.4085801838610827,0.8477366255144033,1.1765099942893913,1.2241992882562278,0.7173841428593849,213.0,223.0,0.4591258514300064,-10.0
castlst01,147.79435772357726,51.82613223626213,0.4281376518218623,0.7238372093023255,1.173726232595865,1.245551601423488,1.159412498052013,214.0,195.0,0.014313734543851986,19.0
ballla01,107.15933799779522,23.06812167405765,0.4122030740568235,0.8461538461538461,1.1478835146362054,1.3772241992882557,0.4899502806374047,215.0,242.0,0.6579332339988007,-27.0
lylestr01,55.40243823558874,14.661141131896759,0.441523118766999,0.7518248175182481,1.1443235677984327,1.145907473309608,0.9349960858840852,216.0,211.0,0.20932748191434747,5.0
clingdo01,50.19405630081301,16.93738394964595,0.5389221556886228,0.5961538461538461,1.1376588733509914,1.1743772241992887,0.9295505428599564,217.0,212.0,0.20810833049103494,5.0
achiupr01,60.41010043041607,16.530720564566053,0.4958333333333333,0.6459016393442623,1.1209760486614264,1.1494661921708191,0.847567256304981,218.0,217.0,0.27340879235644544,1.0
coulibi01,79.25827245687088,24.110418822905622,0.4270833333333333,0.7278481012658228,1.1199819796255124,1.1814946619217084,0.8331573263067836,219.0,219.0,0.28682465331872875,0.0
sarral01,123.61923537333534,25.29291539634146,0.393719806763285,0.6787878787878788,1.0912722969165156,1.163701067615658,0.8916493157732505,220.0,213.0,0.19962298114326515,7.0
missiyv01,74.05084014869888,31.300130977530245,0.5467479674796748,0.6225490196078431,1.077455439245331,1.103202846975089,0.9591981349379168,221.0,209.0,0.11825730430741421,12.0
richani01,51.614524242870814,26.46353454236862,0.638996138996139,0.7432950191570882,1.0604778280208562,1.088967971530249,0.8147573556745603,222.0,221.0,0.2457204723462959,1.0
agbajoc01,68.69993103448276,9.808297628192818,0.4501108647450111,0.7341040462427746,1.0167719880039674,1.02491103202847,0.830777112149583,223.0,220.0,0.18599487585438435,3.0
meltode01,53.01610090210491,9.396238719512194,0.4112676056338028,0.8045977011494253,0.9495679702535287,1.0,0.4632038879285505,224.0,243.0,0.4863640823249782,-19.0
greenja01,38.14238737446198,10.718448346622889,0.5396825396825397,0.7761194029850746,0.9491836035017038,0.9288256227758006,0.6597983585316721,225.0,227.0,0.2893852449700317,-2.0
willima07,41.98606099293238,16.327491603358656,0.6219081272084805,0.7530864197530864,0.9489783971837098,1.0213523131672597,0.4050517548954859,226.0,249.0,0.5439266422882238,-23.0
alvarjo01,68.19498038079102,11.32766836890244,0.403690036900369,0.7766990291262136,0.9212832964675732,0.9608540925266906,0.6516394048185273,227.0,229.0,0.2696438916490459,-2.0
bolbo01,42.5828643902439,8.284481941838651,0.5541871921182266,0.7647058823529411,0.9014050694719303,0.9145907473309608,0.5496372374828843,228.0,236.0,0.35176783198904604,-8.0
plumlma01,42.375041386772466,28.00489034783814,0.6448152562574494,0.6518518518518519,0.885510877254679,0.907473309608541,0.7127282670586441,229.0,224.0,0.1727826101960349,5.0
robindu01,77.89052888741865,9.68944164321451,0.433015873015873,0.8914285714285715,0.8803340210320196,0.9181494661921707,0.6548826254018683,230.0,228.0,0.22545139563015137,2.0
highsha01,47.9189967288379,7.16999813432836,0.454059829059829,0.6261682242990654,0.86509777840774,0.8540925266903915,0.6857482389817452,231.0,225.0,0.17934953942599485,6.0
mogbojo01,54.03419457473422,13.463770833333333,0.4382022471910112,0.7317073170731707,0.8622865893564174,0.8754448398576516,0.662488477188467,232.0,226.0,0.1997981121679504,6.0
beaslma01,136.5281151066941,13.510502152080344,0.4216117216117216,0.7083333333333334,0.8598113662509661,0.8932384341637014,0.8493258617844909,233.0,216.0,0.010485504466475226,17.0
eubandr01,39.247507339891484,15.501097047814536,0.615877080665813,0.698961937716263,0.8508628262143649,0.8256227758007116,0.7367226909904867,234.0,222.0,0.11414013522387823,12.0
coffeam01,51.560465354767196,13.90940359078591,0.4587884806355511,0.8555133079847909,0.8279471536527133,0.804270462633452,0.6462026565094348,235.0,231.0,0.18174449714327856,4.0
clarkjo01,116.67531038789305,29.559909020913018,0.4256410256410256,0.833616298811545,0.8077613857999525,0.9466192170818503,0.5023881789731411,236.0,240.0,0.30537320682681135,-4.0
matkoka01,35.768013663053296,6.737306671449068,0.574468085106383,0.7727272727272727,0.7949657942768723,0.8113879003558719,0.4071776019466907,237.0,248.0,0.3877881923301816,-11.0
mcbrimi01,61.98376693766939,8.886737358715052,0.4144736842105263,0.7884615384615384,0.7911807421524409,0.7971530249110319,0.6271554663403496,238.0,232.0,0.16402527581209136,6.0
watfotr01,49.72700982318271,16.95944595343681,0.5172764227642277,0.7586206896551724,0.7845707489235213,0.7971530249110321,0.5358044138989903,239.0,237.0,0.24876633502453105,2.0
greenjo02,59.201244713284915,11.817723049562225,0.4791843670348343,0.6995515695067265,0.7826576715300921,0.7935943060498221,0.5917655565227526,240.0,234.0,0.1908921150073395,6.0
willike04,49.442325566654844,6.07321904315197,0.4908163265306122,0.5652173913043478,0.75861732380172,0.7437722419928827,0.5920915697964644,241.0,233.0,0.1665257540052556,8.0
fultzma01,53.32119186073218,9.474622556492108,0.4953358208955223,0.768361581920904,0.7472421149626911,0.7971530249110318,0.3736210574813455,242.0,252.0,0.3736210574813456,-10.0
jeromty01,43.409747652647376,9.913611727763984,0.5081018518518519,0.8835978835978836,0.7295580765907566,0.7508896797153024,0.3469849388663354,243.0,254.0,0.38257313772442114,-11.0
jackstr02,48.51537584646732,18.39937644415918,0.6419558359621451,0.5683760683760684,0.7105301744353358,0.7188612099644127,0.5632251382719126,244.0,235.0,0.14730503616342328,9.0
payneca01,69.3492219512195,10.450934470762979,0.4166666666666667,0.8432432432432433,0.6643216839551989,0.6725978647686831,0.5346979407444283,245.0,238.0,0.12962374321077053,7.0
bitadgo01,34.71793630172309,14.181577827051001,0.5973254086181278,0.6297709923664122,0.639506686053284,0.6548042704626333,0.4445351354272827,246.0,245.0,0.1949715506260013,1.0
martike04,56.247117501381325,16.726862804878053,0.5607985480943739,0.6774193548387096,0.5989276415737139,0.6049822064056939,0.4528477289947593,247.0,244.0,0.14607991257895464,3.0
robinje02,44.899973607571894,7.851180292080699,0.4504201680672269,0.8350515463917526,0.5760804222837502,0.5622775800711741,0.3793700341868599,248.0,250.0,0.19671038809689034,-2.0
wrighde01,30.96970781531746,7.322549542682926,0.421311475409836,0.8,0.5699914721044259,0.5480427046263344,0.319751313619556,249.0,255.0,0.2502401584848699,-6.0
livelde01,36.494158897286155,13.07301661059714,0.728952772073922,0.564935064935065,0.5663371028593372,0.6085409252669041,0.3177013016040185,250.0,256.0,0.24863580125531876,-6.0
mitchda01,60.451345631929044,8.940227417440104,0.4590984974958264,0.7197452229299363,0.5650957271120458,0.5551601423487548,0.5168558479683346,251.0,239.0,0.048239879143711195,12.0
blackan01,66.93264399624765,22.015991573722275,0.4348327566320646,0.7184115523465704,0.5546185531823756,0.5693950177935942,0.5005094260426317,252.0,241.0,0.05410912713974392,11.0
reathdu01,50.76471458333334,9.398551486708692,0.4511278195488721,0.7739130434782608,0.5455605339601951,0.5444839857651246,0.3792311028747697,253.0,251.0,0.16632943108542542,2.0
sassema01,62.10866155110989,10.361729503743058,0.4405940594059406,0.8632478632478633,0.5299612050263882,0.5409252669039145,0.4136282575815713,254.0,247.0,0.11633294744481693,7.0
dunnry01,72.47924196906604,7.355755455712454,0.429769392033543,0.4871794871794871,0.4856657151911456,0.4839857651245554,0.4382836941968875,255.0,246.0,0.04738202099425809,9.0
chrisma02,48.70871410997005,11.862820325203252,0.4258271077908218,0.8411214953271028,0.4689417110906181,0.4519572953736656,0.3545656839953454,256.0,253.0,0.11437602709527273,3.0
thomaca02,104.35713566085448,33.749414655541294,0.4409523809523809,0.8649468892261002,0.46131091220480436,0.6120996441281136,0.2756613987565294,257.0,259.0,0.18564951344827496,-2.0
willija07,34.723331300813015,7.283370361961596,0.4304538799414348,0.752,0.45144305681654784,0.45195729537366547,0.3027971722550016,258.0,257.0,0.14864588456154626,1.0
morrimo01,43.17400876524391,7.548686380315132,0.4542294322132097,0.8188405797101449,0.446773491590318,0.4412811387900354,0.2560774890822554,259.0,263.0,0.19069600250806257,-4.0
burksal01,64.95913524390244,21.265863058943093,0.4041570438799076,0.8316831683168316,0.39879612840365486,0.43060498220640575,0.2674852080756222,260.0,261.0,0.13131092032803265,-1.0
hawkijo01,76.98147336918252,14.434461382113824,0.3764822134387351,0.8258426966292135,0.36458714533368786,0.39145907473309605,0.2756634513498615,261.0,258.0,0.08892369398382638,3.0
walkeja01,48.44232312867957,15.5620070754717,0.4647435897435897,0.7386759581881533,0.3570581437472525,0.35587188612099663,0.2743251592204501,262.0,260.0,0.08273298452680239,2.0
dickgr01,82.17864655635545,17.0011988769464,0.4157509157509158,0.8592233009708737,0.35600929674428117,0.4021352313167258,0.247469877005171,263.0,265.0,0.10853941973911016,-2.0
fontesi01,62.285702911968684,10.689510852891551,0.4193025141930251,0.8195876288659794,0.32663421280171656,0.3309608540925266,0.2549340197476812,264.0,264.0,0.07170019305403535,0.0
holidaa01,46.566357286199455,8.219365853658536,0.43646408839779,0.875,0.3223004600242881,0.2882562277580071,0.2672735522152633,265.0,262.0,0.055026907809024805,3.0
hortota01,69.91962882956574,20.2485808779635,0.4192841490138787,0.7626666666666667,0.3216014845174249,0.3665480427046266,0.2274742207562273,266.0,267.0,0.09412726376119757,-1.0
drumman01,49.70468627494458,22.37262008807588,0.5566801619433198,0.581986143187067,0.32136139920103773,0.3487544483985766,0.2429805701276139,267.0,266.0,0.07838082907342384,1.0
watsope01,46.92685569105691,14.172237184787106,0.4721627408993576,0.6730038022813688,0.3209223312306907,0.30604982206405706,0.2230801570749923,268.0,268.0,0.0978421741556984,0.0
craigto01,42.48720729261772,5.416103157990536,0.4447086801426873,0.7204301075268817,0.3115833542753016,0.31316725978647686,0.2013892411779388,269.0,270.0,0.1101941130973628,-1.0
miltosh01,48.75481042893189,12.100262785208496,0.4569327731092437,0.8303571428571429,0.2886265023026877,0.284697508896797,0.2111901236361129,270.0,269.0,0.07743637866657482,1.0
greenje02,40.694701368808154,15.135299787910924,0.4760736196319018,0.7876712328767124,0.2669791723549134,0.23131672597864783,0.1790713960917102,271.0,271.0,0.08790777626320323,0.0
baglema01,45.17938788355626,14.096436524390247,0.5535714285714286,0.7434944237918215,0.24498266164784754,0.27402135231316727,0.1224913308239237,272.0,277.0,0.12249133082392384,-5.0
sensabr01,61.976223738143645,9.450418041606888,0.4406364749082007,0.8947368421052632,0.24112915625172818,0.28113879003558717,0.1529111722571934,273.0,275.0,0.08821798399453479,-2.0
curryse01,50.87656356572415,6.972156059451218,0.4538152610441767,0.896,0.23957924191636137,0.2313167259786476,0.1694584881847434,274.0,273.0,0.07012075373161797,1.0
landajo01,35.805538506515205,11.224010497066997,0.5251798561151079,0.7523809523809524,0.22542657179637535,0.20284697508896787,0.1539498539097197,275.0,274.0,0.07147671788665563,1.0
sharpda01,39.39902567846101,13.542024022920954,0.5447570332480819,0.6587301587301587,0.22365762234131364,0.2241992882562276,0.1445591949279222,276.0,276.0,0.07909842741339143,0.0
vandeja01,34.707325392582696,11.534559451219513,0.532069970845481,0.6635071090047393,0.20392360003257387,0.21708185053380802,0.1193699122141895,277.0,278.0,0.08455368781838438,-1.0
sheadja01,75.9060968436155,10.913760641969628,0.4047619047619047,0.7681159420289855,0.19272624690227777,0.1921708185053378,0.1762740063130589,278.0,272.0,0.016452240589218875,6.0
goodwjo01,45.03200446368414,7.669231448458353,0.4118316268486917,0.762589928057554,0.17328708787698227,0.18861209964412795,0.103549601292343,279.0,279.0,0.06973748658463927,0.0
isaacjo01,33.54239458488128,10.573400925761081,0.4555052790346908,0.6919191919191919,0.13886537009988997,0.11743772241992911,0.0795935657889613,280.0,280.0,0.05927180431092867,0.0
carteje01,54.96436814024391,4.054729154849688,0.4014869888475836,0.7818181818181819,0.0815899791231941,0.07829181494661941,0.0626849839605027,281.0,281.0,0.018904995162691396,0.0
battlja01,53.14133317646097,3.7814405487804876,0.4293948126801152,0.8888888888888888,0.07043380540386054,0.06049822064056953,0.050677981936924,282.0,282.0,0.019755823466936544,0.0
richajo01,47.15891389459068,7.571945712037765,0.43024494142705,0.8920863309352518,0.06243193132817729,0.07117437722419939,0.029693235631694,283.0,283.0,0.032738695696483286,0.0
thybuma01,33.19917553518162,4.710050304878049,0.4224924012158054,0.6666666666666666,0.02685826452363769,-1.1102230246251565e-16,0.0163769905631937,284.0,284.0,0.010481273960443988,0.0
robinmi01,23.388889507284336,11.551437638580932,0.6436285097192225,0.4782608695652174,0.02142780117703122,0.028469750889679735,0.0094073273460137,285.0,285.0,0.012020473831017519,0.0
walteja01,59.72136573861023,13.803339384700665,0.4045801526717557,0.7951807228915663,0.0037782580608133644,0.021352313167259607,0.0023959685263694,286.0,286.0,0.0013822895344439644,0.0
loveke01,45.553598264540334,11.818702937609485,0.4053452115812918,0.8153153153153153,0.0012755308490307177,0.02491103202846978,0.0007310969500541,287.0,287.0,0.0005444338989766176,0.0
jacksre01,75.83502707754657,10.328565519652013,0.4192282537606278,0.8486486486486486,-0.0035928635340888304,0.017793594306049765,-0.0026289245371381,288.0,288.0,-0.0009639389969507304,0.0
connapa01,48.1519351732991,7.705941912708602,0.4222222222222222,0.7307692307692307,-0.04126468483578117,-0.0462633451957295,-0.0296904439672084,289.0,290.0,-0.011574240868572769,-1.0
walkelo01,62.20802281723333,11.195262862042686,0.4329813160032494,0.8205128205128205,-0.05206407265815645,-0.021352313167259607,-0.0285717471904517,290.0,289.0,-0.023492325467704748,1.0
clarkbr01,39.20177948378881,12.276896739130434,0.631979695431472,0.696969696969697,-0.07877862614594046,-0.07829181494661908,-0.0403500280259695,291.0,291.0,-0.03842859811997096,0.0
edwarju01,56.743651978162234,7.9746846417682935,0.455026455026455,0.6956521739130435,-0.07998527639190942,-0.04982206405693945,-0.0429189287956587,292.0,292.0,-0.037066347596250715,0.0
pippesc02,39.86624707661923,11.918100228658535,0.4808405438813349,0.7148936170212766,-0.10325059020406281,-0.06049822064056898,-0.0440703738675877,293.0,293.0,-0.05918021633647511,0.0
balllo01,36.768858420115095,5.022486419068737,0.3662551440329218,0.8148148148148148,-0.10512271843213578,-0.09964412811387913,-0.0448694529893262,294.0,294.0,-0.060253265442809574,0.0
harriga01,37.73216709222562,5.448780667144907,0.4341926729986431,0.7816091954022989,-0.11544938726233403,-0.1494661921708187,-0.0703959678428866,295.0,299.0,-0.04505341941944743,-4.0
sheppbe01,39.34510487804878,5.148178515827711,0.4069767441860465,0.8867924528301887,-0.12276573089017873,-0.16725978647686834,-0.0898285835781795,296.0,301.0,-0.03293714731199923,-5.0
smartma01,54.0524268561891,12.76273154251813,0.4133211678832116,0.7551020408163265,-0.12440392071736288,-0.05693950177935936,-0.0576505974056071,297.0,296.0,-0.06675332331175578,1.0
colliis01,84.00573483427144,24.164290243902435,0.4216216216216216,0.6818181818181818,-0.12652957932084785,-0.0640569395017796,-0.1095560991680511,298.0,304.0,-0.016973480152796747,-6.0
okogijo01,43.068868349736135,20.290748245306194,0.4110576923076923,0.7335092348284961,-0.16832257218991276,-0.16725978647686812,-0.1170047148149393,299.0,308.0,-0.05131785737497345,-9.0
poweldw01,22.955493177005724,16.096173254835996,0.713302752293578,0.6766666666666666,-0.16895021283867717,-0.21174377224199326,-0.1339239492013904,300.0,312.0,-0.03502626363728678,-12.0
hayeski01,56.94715133539346,9.34817750677507,0.3873794916739702,0.7758620689655172,-0.1821594055782974,-0.11743772241992867,-0.0910797027891487,301.0,302.0,-0.0910797027891487,-1.0
wilsoja03,60.529174907211036,16.939896870153678,0.4030037546933667,0.8199052132701422,-0.18836520983526334,-0.18505338078291822,-0.1401253390237934,302.0,314.0,-0.04823987081146994,-12.0
jovicni01,36.88908186022227,8.343998958953005,0.4497936726272352,0.803921568627451,-0.20369710284342166,-0.1850533807829179,-0.0894279963702826,303.0,300.0,-0.11426910647313905,3.0
adamsst01,33.06718713119591,18.66173963414634,0.5767441860465117,0.4054054054054054,-0.20971736950545286,-0.17793594306049831,-0.1278764448203981,304.0,310.0,-0.08184092468505477,-6.0
merrisa01,42.89013997409887,3.8501547256097557,0.4040524433849821,0.9491525423728814,-0.21260430997199,-0.21708185053380769,-0.1192658324233114,305.0,309.0,-0.0933384775486786,-4.0
saricda01,36.78351608718216,9.58058383123261,0.4550484094052558,0.8324022346368715,-0.23315431536230533,-0.22775800711743766,-0.1307938842276347,306.0,311.0,-0.10236043113467064,-5.0
tillmxa01,32.863046792152716,9.00817518127884,0.5047021943573667,0.5174825174825175,-0.24544883955298957,-0.2669039145907468,-0.1466706480255669,307.0,315.0,-0.09877819152742268,-8.0
postqu01,41.19749330755503,4.314539634146341,0.4489051094890511,0.7777777777777778,-0.2657725116800841,-0.26690391459074736,-0.1361273840312626,308.0,313.0,-0.1296451276488215,-5.0
branhma01,72.65152012097874,9.712619512195126,0.4387683694891532,0.8433734939759037,-0.28384721721641254,-0.28113879003558706,-0.218077740056512,309.0,330.0,-0.06576947715990053,-21.0
wadede01,34.28090356739867,5.033133070301291,0.413235294117647,0.6455696202531646,-0.29529833096772606,-0.3167259786476869,-0.187262356223436,310.0,324.0,-0.10803597474429005,-14.0
bambamo01,28.148611280487806,7.521878243383498,0.4827586206896552,0.6762589928057554,-0.29636799792178353,-0.3167259786476868,-0.1662552183463664,311.0,317.0,-0.13011277957541714,-6.0
paytoga02,28.092479674796746,4.0396393357550595,0.5727272727272728,0.6911764705882353,-0.32719315950432676,-0.3612099644128115,-0.1715769007156835,312.0,321.0,-0.15561625878864327,-9.0
hayesja02,27.958533937095403,14.206900591822102,0.6732851985559567,0.6463878326996197,-0.34022465003228514,-0.3736654804270465,-0.2406467036813724,313.0,335.0,-0.09957794635091274,-22.0
ighodos01,28.379984567235056,9.194196804037006,0.6042780748663101,0.58,-0.38203108796037527,-0.4270462633451956,-0.2841938581168645,314.0,346.0,-0.09783722984351079,-32.0
bonaad01,30.73598699186992,16.202598289042594,0.703125,0.67,-0.40623561609284986,-0.40569395017793586,-0.2873373869925035,315.0,347.0,-0.11889822910034636,-32.0
mcdanja01,41.40035249541802,9.390195399113084,0.4292803970223325,0.8171428571428572,-0.411398873759414,-0.41637010676156594,-0.2257676746240686,316.0,333.0,-0.18563119913534537,-17.0
bantoda01,59.96128424015011,14.70408826370442,0.4001759014951627,0.7509293680297398,-0.42059372277643525,-0.38434163701067603,-0.261588778799978,317.0,339.0,-0.15900494397645726,-22.0
laravja01,37.746034552845536,12.842931585365855,0.4285714285714285,0.7510729613733905,-0.4292334939793552,-0.41281138790035565,-0.2355549662081827,318.0,334.0,-0.19367852777117248,-16.0
exumda01,33.357656964769646,8.03193894415918,0.5160550458715596,0.7676767676767676,-0.4316677679194501,-0.43060498220640553,-0.2000411607431598,319.0,326.0,-0.2316266071762903,-7.0
strawju01,54.08563067991981,9.975813643292684,0.4124293785310734,0.7933884297520661,-0.45791597957616137,-0.47330960854092563,-0.323891790431919,320.0,356.0,-0.13402418914424236,-36.0
jacksis01,28.63951436781609,13.738225609756098,0.6062717770034843,0.6679389312977099,-0.48175734465057324,-0.4982206405693951,-0.246753761894196,321.0,337.0,-0.23500358275637723,-16.0
mathega01,35.66514954377961,9.9195132183428,0.4064327485380117,0.8439306358381503,-0.509877531038286,-0.5516014234875446,-0.3482090455871222,322.0,362.0,-0.16166848545116386,-40.0
butleja02,34.76367611531337,6.5265609756097565,0.4606413994169096,0.8346456692913385,-0.5266560828602656,-0.5266903914590748,-0.2247922304891377,323.0,332.0,-0.30186385237112784,-9.0
theisda01,23.61732460545194,5.374832852669744,0.5107296137339056,0.7474747474747475,-0.5698134524697626,-0.6049822064056939,-0.2432130589809962,324.0,336.0,-0.32660039348876635,-12.0
whitmca01,65.47870672447135,14.415450656660413,0.4494252873563218,0.7065217391304348,-0.6247092707248859,-0.597864768683274,-0.373301881286822,325.0,365.0,-0.2514073894380639,-40.0
vincega01,51.678300278915195,6.266182672764229,0.3967181467181467,0.8316831683168316,-0.6501415760485566,-0.6512455516014235,-0.3964277902735101,326.0,371.0,-0.2537137857750465,-45.0
mamuksa01,34.87053335032546,8.444121580806932,0.466966966966967,0.7181208053691275,-0.6664884347922502,-0.6797153024911029,-0.4063953870684452,327.0,377.0,-0.260093047723805,-50.0
gueyemo02,25.89840472560976,6.562031821646342,0.4210526315789473,0.7619047619047619,-0.6894864661758261,-0.7153024911032027,-0.2774762607780763,328.0,344.0,-0.4120102053977498,-16.0
portecr01,30.707387130254286,7.541275533536586,0.5108695652173914,0.7272727272727273,-0.7061829661700221,-0.7330960854092525,-0.4392113570081845,329.0,383.0,-0.2669716091618376,-54.0
willivi01,29.68967732100708,8.750142731707315,0.4232081911262799,0.8012820512820513,-0.7120453528405197,-0.6939501779359429,-0.2691878772933672,330.0,340.0,-0.44285747554715255,-10.0
greenja02,23.698100569815747,7.164020154043645,0.4872340425531914,0.7089552238805971,-0.7305317757379343,-0.7651245551601422,-0.3207212673971418,331.0,354.0,-0.40981050834079247,-23.0
phillju01,28.634460899390255,8.37079581523555,0.4395604395604395,0.7684210526315789,-0.7704252897696662,-0.8434163701067616,-0.5637258217826826,332.0,414.0,-0.20669946798698358,-82.0
huffja01,18.26638668979922,4.3632335065973615,0.5246376811594203,0.8243243243243243,-0.8098796590825156,-0.8647686832740211,-0.2962974362497008,333.0,348.0,-0.5135822228328148,-15.0
holmeri01,19.637577898356078,6.975981152993348,0.6053333333333333,0.7857142857142857,-0.8200209438148491,-0.8683274021352312,-0.3800097056702959,334.0,368.0,-0.44001123814455323,-34.0
manntr01,49.0872830629884,7.306218793143121,0.4212678936605317,0.7851851851851852,-0.8248820400544423,-0.7935943060498221,-0.4023814829533865,335.0,374.0,-0.42250055710105583,-39.0
mitchaj01,27.580840525328334,5.273552880571912,0.4945652173913043,0.8285714285714286,-0.8558618162994311,-0.9003558718861209,-0.3757442120338966,336.0,366.0,-0.48011760426553457,-30.0
sheppre01,37.88095350609757,3.2270131332082554,0.3514644351464435,0.8125,-0.8665927508501186,-0.8967971530249108,-0.549546622490319,337.0,412.0,-0.3170461283597995,-75.0
smithni01,65.61501792864945,6.392958079268292,0.3908984830805134,0.918032786885246,-0.8671959992245679,-0.8683274021352312,-0.592231414104583,338.0,419.0,-0.2749645851199849,-81.0
simmobe01,26.528795230537924,6.500838691796009,0.5488721804511278,0.5238095238095238,-0.8751703691939199,-0.8434163701067616,-0.3842211376948916,339.0,370.0,-0.4909492314990283,-31.0
greenaj01,38.06069033785857,3.4180835224049915,0.4268456375838926,0.86,-0.888425081153082,-0.9252669039145907,-0.595894871505116,340.0,421.0,-0.29253020964796606,-81.0
leeda03,40.65109785645214,10.976579214805305,0.4315589353612167,0.912,-0.898394887337787,-0.9181494661921707,-0.5478017605718214,341.0,409.0,-0.35059312676596566,-68.0
champju01,25.12885671966032,4.623483477576712,0.490079365079365,0.7045454545454546,-0.9008701104432386,-0.900355871886121,-0.2966279631947249,342.0,349.0,-0.6042421472485138,-7.0
krejcvi01,22.47761010287828,3.2097869865211814,0.48729792147806,0.7169811320754716,-0.9213654913635663,-0.9537366548042702,-0.4045019230376632,343.0,375.0,-0.5168635683259031,-32.0
reddica01,32.49661448853295,8.164318811731505,0.41875,0.7806451612903226,-0.9473461903460939,-0.9786476868327401,-0.4621200928517531,344.0,389.0,-0.4852260974943408,-45.0
nnajize01,25.537535042609463,9.213107406578654,0.5123456790123457,0.6488095238095238,-0.9620612364237078,-1.0284697508896796,-0.6570174297527761,345.0,444.0,-0.30504380667093167,-99.0
hylanbo01,48.07542699318123,7.922805718263877,0.3957446808510638,0.8410596026490066,-0.9888505435957489,-0.9608540925266904,-0.4703069658565146,346.0,390.0,-0.5185435777392342,-44.0
inglejo01,25.139676399862594,3.797970904029692,0.4277108433734939,0.8363636363636363,-1.0026949053732652,-1.0355871886120995,-0.5380314126393131,347.0,407.0,-0.46466349273395213,-60.0
councri01,44.49662786400591,17.514485033259422,0.4017391304347826,0.7857142857142857,-1.008982607960944,-1.0320284697508895,-0.6398426294386474,348.0,438.0,-0.36913997852229663,-90.0
murrakr01,51.3721004002979,10.097575880758807,0.4062015503875969,0.5575221238938053,-1.0159389003627437,-1.0373665480427046,-0.8177069198041597,349.0,481.0,-0.19823198055858404,-132.0
joneska01,18.007092572062085,5.196511178861789,0.6724890829694323,0.7241379310344828,-1.023951337911041,-1.0782918149466196,-0.5369500918313995,350.0,406.0,-0.48700124607964146,-56.0
hardyja02,62.54427291559386,13.61169613268823,0.4249592169657422,0.7634854771784232,-1.0421491211890446,-1.0284697508896798,-0.7498390018311418,351.0,465.0,-0.29231011935790274,-114.0
reevean01,40.00219123677963,6.339561737804879,0.4556451612903225,0.8,-1.076529659555175,-1.092526690391459,-0.5776500612247281,352.0,417.0,-0.4988795983304469,-65.0
clownno01,34.83534361255498,8.510015243902439,0.3935483870967742,0.8,-1.0831807554465223,-1.0854092526690393,-0.4491237278680702,353.0,384.0,-0.6340570275784521,-31.0
salauti01,52.57992097240053,15.694479705132878,0.3304347826086956,0.7127659574468085,-1.0880765771874374,-1.0925266903914588,-0.7961535930639786,354.0,473.0,-0.29192298412345885,-119.0
cancavl01,20.118860169491526,3.9669046052631574,0.466403162055336,0.926829268292683,-1.106563000084852,-1.1637010676156583,-0.4858081463787155,355.0,397.0,-0.6207548537061366,-42.0
tateja01,30.539894245426833,8.624132791327913,0.4752475247524752,0.6967741935483871,-1.1126792241249026,-1.1494661921708185,-0.6648936827087832,356.0,447.0,-0.44778554141611937,-91.0
shamela01,40.71613809075776,6.775201379974327,0.4191542288557214,0.8260869565217391,-1.121133687978493,-1.1459074733096084,-0.6152562921833193,357.0,430.0,-0.5058773957951737,-73.0
jacksgg01,56.680616260162616,14.773959582486448,0.4133858267716535,0.7461139896373057,-1.2142564820979456,-1.1565836298932384,-0.562704223411243,358.0,413.0,-0.6515522586867025,-55.0
mccaija01,41.14733739837399,8.958975609756097,0.4598540145985401,0.875,-1.2330238627285683,-1.1957295373665477,-0.3458481566189887,359.0,361.0,-0.8871757061095796,-2.0
biyombi01,23.04872836538462,9.71885415833667,0.5764966740576497,0.4093959731543624,-1.241355325589019,-1.2704626334519573,-0.6509546219552174,360.0,443.0,-0.5904007036338017,-83.0
mclaujo01,18.790876618488408,3.6734197831978324,0.4475138121546961,0.7758620689655172,-1.246422779374634,-1.3167259786476873,-0.7296133342680784,361.0,462.0,-0.5168094451065557,-101.0
wallake01,26.5051756097561,2.4108597560975613,0.4012345679012346,1.0,-1.2960594593337087,-1.320284697508897,-0.4899736980407923,362.0,398.0,-0.8060857612929164,-36.0
clarkja02,18.986112804878047,7.205112068965517,0.4666666666666667,0.7837837837837838,-1.2995087757578738,-1.3807829181494664,-0.6339067198818896,363.0,436.0,-0.6656020558759842,-73.0
simpskj01,45.4022922138837,7.72821237358715,0.3455149501661129,0.82,-1.313736353059187,-1.3131672597864767,-0.5767623013430577,364.0,416.0,-0.7369740517161293,-52.0
robinor01,23.083125873268784,6.925539858793326,0.471563981042654,0.753968253968254,-1.318200404973282,-1.3594306049822062,-0.5947977437074565,365.0,420.0,-0.7234026612658255,-55.0
jacksan01,23.407677210365858,3.747118140243902,0.4848484848484848,0.5714285714285714,-1.3226026110223987,-1.3807829181494662,-1.0000166083340087,366.0,508.0,-0.32258600268839,-142.0
knoxke01,28.458233398437496,5.194112042682926,0.4620938628158845,0.8,-1.3311667075586398,-1.3629893238434165,-0.584414652098915,367.0,418.0,-0.7467520554597248,-51.0
stevela01,31.13869183247753,6.804025135501354,0.4500846023688663,0.7377049180327869,-1.3536298670909188,-1.391459074733096,-0.6437995709334857,368.0,439.0,-0.7098302961574331,-71.0
williro04,13.215638515212472,3.377128567721847,0.708029197080292,0.7014925373134329,-1.3816573614296992,-1.4217081850533804,-0.3369896003487071,369.0,358.0,-1.044667761080992,11.0
houstca01,30.996481977120666,4.308927247728359,0.3910034602076124,0.8360655737704918,-1.388812636485459,-1.4519572953736652,-0.9484574102827524,370.0,498.0,-0.4403552262027065,-128.0
santogu01,18.888074002217294,5.091176355013548,0.4700854700854701,0.7627118644067796,-1.3981105107784213,-1.4519572953736657,-0.682005127208986,371.0,454.0,-0.7161053835694353,-83.0
larsspe01,32.389424671142784,10.274131841165975,0.438423645320197,0.6721311475409836,-1.4179131398559195,-1.4661921708185053,-0.9510393011228728,372.0,499.0,-0.46687383873304666,-127.0
josepco01,29.493525921120916,5.875751341463415,0.4130052724077329,0.7731958762886598,-1.445217189664987,-1.4875444839857652,-0.8107315942023099,373.0,476.0,-0.6344855954626771,-103.0
wisemja01,32.6854756097561,10.544283236001377,0.5833333333333334,0.7064676616915423,-1.446999737676144,-1.4448398576512456,-0.6352681775163559,374.0,437.0,-0.8117315601597882,-63.0
simsje01,11.892987915074935,4.010746273712738,0.7124463519313304,0.6792452830188679,-1.447651540353617,-1.5195729537366547,-0.8827143538741566,375.0,489.0,-0.5649371864794603,-114.0
klebima01,20.70061363166598,6.205171453786907,0.4306569343065693,0.7169811320754716,-1.4545974227798728,-1.5017793594306046,-0.674081732507746,376.0,451.0,-0.7805156902721269,-75.0
kolokch01,17.319717987804882,6.47066677477945,0.5185185185185185,0.6438356164383562,-1.469525050067543,-1.5551601423487549,-0.860209785405391,377.0,485.0,-0.609315264662152,-108.0
vukcetr01,23.21184201587822,6.926498144220574,0.4822006472491909,0.7752808988764045,-1.4839104306118542,-1.505338078291815,-0.3981223106519609,378.0,373.0,-1.0857881199598933,5.0
micicva01,49.096189672556186,9.427851604621308,0.3950233281493001,0.8189655172413793,-1.5401297531905878,-1.5231316725978647,-0.9391035080430412,379.0,495.0,-0.6010262451475465,-116.0
quetane01,16.30771011302796,5.178273281596452,0.6487341772151899,0.7252747252747253,-1.5897876368434252,-1.6441281138790038,-0.6204049314510928,380.0,432.0,-0.9693827053923324,-52.0
hendrta01,19.692213795731714,2.8760150093808625,0.4341085271317829,0.7878787878787878,-1.6040772902553222,-1.6441281138790034,-0.4303621998245986,381.0,381.0,-1.1737150904307236,0.0
rolliry01,16.90533978957437,3.94649911308204,0.4811320754716981,0.8088235294117647,-1.6130256000463177,-1.6690391459074736,-0.5311181853811047,382.0,404.0,-1.081907414665213,-22.0
juzanjo01,34.31149738225399,4.249009734702611,0.420899854862119,0.8028169014084507,-1.622727893556839,-1.6441281138790036,-0.672838394889421,383.0,450.0,-0.949889498667418,-67.0
bassech01,14.897133417285264,4.371395071138212,0.6301369863013698,0.631578947368421,-1.6599334497759932,-1.7081850533807827,-0.6072927255278023,384.0,427.0,-1.052640724248191,-43.0
waterli01,27.796132889261365,2.4685416275797376,0.3973634651600753,0.7878787878787878,-1.662326544305126,-1.7188612099644125,-0.891980096944214,385.0,490.0,-0.7703464473609121,-105.0
martity01,37.38900997782705,5.362176067073172,0.4057377049180328,0.8,-1.6777542411942343,-1.6832740213523132,-0.7774958678704988,386.0,468.0,-0.9002583733237355,-82.0
roddyda01,48.29278435566072,9.072345020325201,0.4213836477987421,0.6792452830188679,-1.6837198066377423,-1.7046263345195727,-1.1498574289233363,387.0,531.0,-0.533862377714406,-144.0
terryda01,26.546476672000885,8.1627321577051,0.4446680080482897,0.6616541353383458,-1.7044415208212922,-1.7686832740213525,-1.184794715692849,388.0,535.0,-0.5196468051284431,-147.0
duartch01,29.939655232558145,6.898560352740626,0.3778558875219683,0.8230088495575221,-1.7318689553661752,-1.782918149466192,-0.8659344776830876,389.0,487.0,-0.8659344776830876,-98.0
carlsbr01,17.005185266591038,3.3906676829268294,0.4432989690721649,0.7777777777777778,-1.7753211115105816,-1.8505338078291813,-0.6928082386382758,390.0,456.0,-1.082512872872306,-66.0
jordade01,17.405166100648348,10.647550609756099,0.6810344827586207,0.4545454545454545,-1.77976418997652,-1.8220640569395017,-0.9549954190117912,391.0,500.0,-0.8247687709647288,-109.0
tuckepj01,14.834474202626646,1.8829282150776057,0.4148936170212766,0.8461538461538461,-1.7889800124416986,-1.8647686832740216,-0.7854058591207457,392.0,470.0,-1.0035741533209528,-78.0
edwarke02,17.109708251735803,2.5143925304878043,0.4419354838709677,0.7567567567567568,-1.8338925794530918,-1.9145907473309611,-0.96167537703028,393.0,503.0,-0.8722172024228118,-110.0
mcderdo01,47.52412011603126,6.229292227884967,0.4458874458874459,0.7127659574468085,-1.8435673688572822,-1.8754448398576518,-1.281504146644696,394.0,542.0,-0.5620632222125863,-148.0
martico01,28.369021867115226,5.312022752093193,0.4027777777777778,0.6633663366336634,-1.8744472316583474,-1.8914590747330962,-0.6629142648547813,395.0,446.0,-1.2115329668035661,-51.0
barlodo01,16.1413613369467,5.806886657101866,0.5192307692307693,0.68,-1.8769468470381137,-1.946619217081851,-0.7324670622587761,396.0,463.0,-1.1444797847793375,-67.0
daviste02,27.834411585365853,3.9345655487804887,0.4207650273224044,0.7906976744186046,-1.8830218149186664,-1.9110320284697508,-0.7348377814316747,397.0,464.0,-1.1481840334869917,-67.0
furphjo01,18.44667317073171,4.988671409214093,0.3804347826086957,0.8181818181818182,-1.8864437039850355,-1.9715302491103204,-1.1502705512103877,398.0,532.0,-0.7361731527746478,-134.0
willibr03,19.4012983154196,6.871328760162602,0.4876033057851239,0.7951807228915663,-1.8878766107456904,-1.9395017793594305,-0.5755721374224666,399.0,415.0,-1.3123044733232239,-16.0
diabamo01,18.279656322048297,8.266359756097561,0.5809248554913294,0.6027397260273972,-1.90353079439509,-1.9430604982206408,-0.8124826561442458,400.0,477.0,-1.0910481382508443,-77.0
fernabr01,18.114534259492082,8.452659349593498,0.5574712643678161,0.6818181818181818,-1.9358404521247936,-1.9857651245551602,-0.8026655533200363,401.0,474.0,-1.1331748988047572,-73.0
shannte01,19.049374722838134,4.055101506456242,0.4824561403508772,0.8095238095238095,-1.9406540685408555,-2.00711743772242,-0.7573284169915534,402.0,466.0,-1.183325651549302,-64.0
bostobr01,34.0418663725999,8.350979913916788,0.4246987951807229,0.7628205128205128,-1.9577549110040757,-1.9857651245551602,-0.7640019164893954,403.0,467.0,-1.1937529945146803,-64.0
gillan01,21.2896115627823,8.659809245220831,0.4973684210526315,0.7254901960784313,-1.9688427849487917,-2.0533807829181496,-1.272544726857146,404.0,541.0,-0.6962980580916458,-137.0
nowelja01,38.948005021520814,6.258244606003752,0.4381443298969072,0.7647058823529411,-1.9846886531086245,-1.9999999999999998,-0.7019020846359769,405.0,459.0,-1.2827865684726476,-54.0
crowdja01,19.797380509844256,3.254965645449138,0.4300518134715025,0.7592592592592593,-1.9937947661426183,-2.04270462633452,-0.6321788282891229,406.0,435.0,-1.3616159378534953,-29.0
chrisjo01,28.219671326591325,5.674189024390244,0.4555555555555555,0.7424242424242424,-2.010237659012867,-2.0782918149466196,-0.9560886427012416,407.0,502.0,-1.0541490163116254,-95.0
dowtije01,17.49803074025167,3.7744796747967477,0.4860681114551083,0.7241379310344828,-2.0441243514415937,-2.11387900355872,-0.6481369894814809,408.0,442.0,-1.3959873619601129,-34.0
thorjt01,25.682692682926827,5.357278472509302,0.4166666666666667,0.6629213483146067,-2.1021609475328065,-2.1708185053380786,-1.3074415649289406,409.0,546.0,-0.7947193826038659,-137.0
gilleco01,17.548567195121958,2.99921386630533,0.4405286343612334,0.7941176470588235,-2.10275059735116,-2.1637010676156585,-0.7180123990955181,410.0,461.0,-1.384738198255642,-51.0
willico04,39.39151829268292,6.780874684608914,0.3229571984435798,0.725,-2.110670266101989,-2.1672597864768686,-1.286994064696335,411.0,543.0,-0.8236762014056542,-132.0
minotjo01,8.94035937017598,2.5650506756756757,0.4876543209876543,0.902439024390244,-2.1562894137579125,-2.277580071174377,-0.8151825832499425,412.0,479.0,-1.3411068305079699,-67.0
tysonja01,26.709584413109763,4.436607188703467,0.4295302013422818,0.7916666666666666,-2.180788651676761,-2.2313167259786475,-1.2499642271805824,413.0,539.0,-0.9308244244961787,-126.0
jeffrda01,24.09035267505901,2.969878048780488,0.4025974025974026,0.75,-2.2086687527480873,-2.2669039145907472,-0.8619195132675462,414.0,486.0,-1.3467492394805411,-72.0
spencca01,14.401316176470589,3.586859756097561,0.4146341463414634,1.0,-2.2154914806841326,-2.2989323843416365,-0.6754547197207721,415.0,453.0,-1.5400367609633605,-38.0
flynnma01,30.77997272143774,6.683992787031529,0.3931034482758621,0.7454545454545455,-2.273452402108667,-2.309608540925267,-1.1644512303483416,416.0,533.0,-1.1090011717603254,-117.0
lenal01,9.292024390243904,4.457663148843027,0.5632183908045977,0.582089552238806,-2.313195180795322,-2.4092526690391463,-1.1283878930708888,417.0,528.0,-1.1848072877244333,-111.0
evbuoto01,21.509219957786122,7.327238736449865,0.4467353951890034,0.7346938775510204,-2.3198460464410635,-2.3594306049822067,-0.6223977197768708,418.0,434.0,-1.6974483266641927,-16.0
sprinja01,15.114893045484509,4.937804519368724,0.4065934065934066,0.7727272727272727,-2.3616801419725557,-2.4555160142348758,-1.0368351842806345,419.0,515.0,-1.3248449576919212,-96.0
mcgowbr01,23.37419996704021,9.246579850121023,0.4147982062780269,0.7660818713450293,-2.3855762082654897,-2.4519572953736652,-1.1346033185652935,420.0,529.0,-1.2509728897001962,-109.0
diengou01,21.999078791388477,3.4059294969512193,0.424170616113744,0.7272727272727273,-2.3969997411619364,-2.4590747330960854,-1.052341349778411,421.0,517.0,-1.3446583913835253,-96.0
millspa02,23.324227642276423,3.74905487804878,0.3853211009174312,0.8909090909090909,-2.4265529110588395,-2.494661921708185,-1.006131694829275,422.0,511.0,-1.4204212162295646,-89.0
johnsaj01,32.34554201368234,6.052545731707317,0.3849765258215962,0.8648648648648649,-2.4316404940587244,-2.4590747330960854,-0.8599704186305245,423.0,484.0,-1.5716700754281998,-61.0
mykhasv01,32.58967378048781,4.976081961382113,0.4117647058823529,0.7228915662650602,-2.4389841882958305,-2.4626334519572954,-1.1005172556944602,424.0,524.0,-1.3384669326013703,-100.0
brissos01,26.507242174796747,13.038087021981333,0.410958904109589,0.6694214876033058,-2.4455120529484313,-2.491103202846975,-1.252579344193099,425.0,540.0,-1.1929327087553323,-115.0
brookke02,16.156033421537046,4.508190133037694,0.4862385321100917,0.7333333333333333,-2.447171446469378,-2.4982206405693947,-0.4178097591533085,426.0,380.0,-2.0293616873160696,46.0
rhodeja01,10.374671792152704,2.3606782150776056,0.467005076142132,0.8461538461538461,-2.4790766849815222,-2.5658362989323846,-0.4534896374966199,427.0,386.0,-2.0255870474849025,41.0
jemistr01,16.962759934819175,4.711012553802009,0.5523809523809524,0.5862068965517241,-2.489553858911192,-2.5516014234875444,-0.9715332132336358,428.0,504.0,-1.518020645677556,-76.0
reeseal01,8.22407082551595,1.8329186991869917,0.4814814814814814,0.75,-2.5031443833191553,-2.601423487544484,-0.4578922652413089,429.0,387.0,-2.0452521180778467,42.0
gibsota01,12.929168043019013,3.7889711751662976,0.4941634241245136,0.6875,-2.506716777484996,-2.597864768683274,-1.0699400879509129,430.0,522.0,-1.436776689534083,-92.0
cainja01,16.415652373223374,5.347120669848003,0.4587458745874587,0.7263157894736842,-2.509020598791354,-2.583629893238434,-0.8261409288703239,431.0,482.0,-1.68287966992103,-51.0
weslebl01,31.2364376693767,9.574808373633307,0.4090909090909091,0.6338797814207651,-2.534815990424552,-2.5765124555160144,-1.6074442866106915,432.0,558.0,-0.9273717038138607,-126.0
pottemi01,9.800121596710156,1.6391617179215272,0.4526315789473684,0.8214285714285714,-2.544779265951082,-2.6298932384341636,-0.6206778697441664,433.0,433.0,-1.9241013962069158,0.0
pickeja02,17.66923664501591,1.3142357723577236,0.427906976744186,0.75,-2.5549754053990084,-2.6334519572953736,-1.184012992745882,434.0,534.0,-1.3709624126531263,-100.0
thomptr01,15.0116582141182,9.52771590909091,0.5445026178010471,0.2682926829268293,-2.613533121288352,-2.690391459074733,-1.4023836260571647,435.0,550.0,-1.2111494952311874,-115.0
beaucma01,24.780370337159262,5.284104358256698,0.430379746835443,0.7176470588235294,-2.653522362452499,-2.718861209964413,-1.4562012964678348,436.0,553.0,-1.197321065984664,-117.0
castlco01,9.172311086474503,3.6680170731707316,0.4824561403508772,0.7954545454545454,-2.7191976695613334,-2.8113879003558724,-0.6963798909852196,437.0,457.0,-2.0228177785761137,-20.0
smithdr01,7.487817168445122,1.3265960365853657,0.460431654676259,0.8235294117647058,-2.728440765887237,-2.8256227758007118,-0.4325576823967571,438.0,382.0,-2.29588308349048,56.0
garzalu01,15.972322080439355,6.271769615045549,0.5101351351351351,0.7410714285714286,-2.7328702457970793,-2.818505338078291,-1.0331582636549934,439.0,514.0,-1.6997119821420859,-75.0
moorewe01,10.73456104651163,1.945081347006652,0.4598930481283422,0.8148148148148148,-2.749498292519587,-2.857651245551601,-1.0059140094583856,440.0,510.0,-1.7435842830612016,-70.0
jonesco02,16.877663302495094,4.411081791421363,0.435,0.6304347826086957,-2.762491868965671,-2.8327402135231314,-1.1454234578638147,441.0,530.0,-1.617068411101856,-89.0
ruperra01,25.62497789634146,4.915988313008131,0.3696369636963696,0.7636363636363637,-2.825705398028079,-2.893238434163701,-1.585151808649898,442.0,557.0,-1.2405535893781812,-115.0
jonesis01,12.915342649051494,6.161373276776247,0.6506024096385542,0.6388888888888888,-2.862321304428879,-2.9644128113879,-1.3962542948433556,443.0,549.0,-1.4660670095855235,-106.0
baglema02,10.261350271002714,1.465705030487805,0.391304347826087,0.8,-2.8872732856227055,-2.95373665480427,-0.3521064982466714,444.0,363.0,-2.535166787376034,81.0
brownko01,13.658822560975612,0.9537073170731705,0.4320987654320987,0.6666666666666666,-2.904251127092786,-3.0106761565836297,-1.4875432602182563,445.0,556.0,-1.4167078668745297,-111.0
baldwpa01,16.610102423906476,2.5938568292682924,0.4046822742474916,0.6578947368421053,-2.9417238122434477,-3.0213523131672595,-1.1121150997505718,446.0,526.0,-1.829608712492876,-80.0
scheiba01,18.60755081300813,2.2085853658536587,0.3545454545454545,0.75,-2.9528182168463384,-3.0284697508896796,-1.116309325880933,447.0,527.0,-1.8365088909654055,-80.0
millejo02,11.490476287262876,3.47878587398374,0.4405594405594406,0.8108108108108109,-2.959798671276847,-3.0640569395017794,-0.7940923264401297,448.0,471.0,-2.1657063448367175,-23.0
beekmre01,17.89287926829269,3.9985512576219513,0.3271028037383177,0.7619047619047619,-2.9644544077013757,-3.053380782918149,-1.3014677887469457,449.0,544.0,-1.66298661895443,-95.0
okekech01,14.811360999289608,2.4041711474501106,0.3759124087591241,0.7096774193548387,-2.966099972420621,-3.0391459074733094,-1.0128146247289926,450.0,512.0,-1.9532853476916285,-62.0
kolekty01,13.966814814814816,3.461912054409006,0.3292682926829268,0.7647058823529411,-2.969658844778901,-3.0711743772241986,-1.4848294223894505,451.0,554.0,-1.4848294223894505,-103.0
queentr01,11.15362305986696,2.22052724847561,0.3598130841121495,0.8421052631578947,-2.972360401147574,-3.064056939501779,-0.616221058774497,452.0,431.0,-2.356139342373077,21.0
jacksqu01,8.814237804878049,3.5947356097560985,0.4666666666666667,0.78125,-2.9764814192178775,-3.0747330960854096,-0.4718812006077122,453.0,391.0,-2.5046002186101655,62.0
smithty02,9.39633511178862,1.7685813008130085,0.48,0.75,-2.9899003883296773,-3.099644128113879,-0.8386305967266169,454.0,483.0,-2.1512697916030605,-29.0
prospol01,23.717684035476726,10.491735033259424,0.39568345323741,0.6581196581196581,-2.9965650827771197,-3.0711743772242,-1.6809999244847258,455.0,560.0,-1.315565158292394,-105.0
dilliro01,33.45295571072648,3.225708841463415,0.4407582938388625,0.5333333333333333,-3.0203514396388687,-3.0676156583629894,-1.8048441529549335,456.0,561.0,-1.2155072866839352,-105.0
umudest01,6.515271341463414,2.6361130820399117,0.3783783783783784,0.868421052631579,-3.0949477826779717,-3.2135231316725976,-0.6038922502786286,457.0,423.0,-2.491055532399343,34.0
templga01,10.661561116322702,2.5927143673780493,0.3551912568306011,0.8421052631578947,-3.1051439221258983,-3.217081850533808,-1.0224254377731616,458.0,513.0,-2.0827184843527364,-55.0
jonesdi01,21.930203670492592,5.270979913916788,0.3834586466165413,0.6071428571428571,-3.122443593746008,-3.192170818505338,-2.056243342222981,459.0,562.0,-1.066200251523027,-103.0
morrima02,13.564929643527208,1.7367960365853654,0.3596837944664031,0.9090909090909092,-3.133853604834894,-3.234875444839857,-0.9554431722057604,460.0,501.0,-2.178410432629134,-41.0
ryanma01,13.926104212860313,2.1217478048780483,0.3928571428571428,0.8928571428571429,-3.217096096238022,-3.320284697508897,-1.0592877390052025,461.0,519.0,-2.1578083572328195,-58.0
paytoel01,18.511296189024396,1.7288559451219514,0.3278688524590163,0.5714285714285714,-3.226866612774627,-3.231316725978648,-0.9444487647145248,462.0,497.0,-2.282417848060102,-35.0
lawsoaj01,19.530959681832396,5.952927337398374,0.4394366197183099,0.6382978723404256,-3.2344231952159284,-3.295373665480427,-1.104437188610317,463.0,525.0,-2.1299860066056113,-62.0
cartede02,20.190841593149973,7.181694652908069,0.3700787401574803,0.5909090909090909,-3.2480958482002107,-3.316725978647687,-1.4259932992098483,464.0,552.0,-1.8221025489903624,-88.0
davisjo06,22.400126848323172,4.279134146341464,0.3970223325062035,0.5606060606060606,-3.295950056896664,-3.3772241992882566,-1.4871969768923974,465.0,555.0,-1.8087530800042668,-90.0
baughda01,19.6958587398374,2.502171669793621,0.3230769230769231,0.8666666666666667,-3.3089299580381164,-3.3594306049822062,-0.6052920654947774,466.0,425.0,-2.703637892543339,41.0
martija02,11.693921321793864,1.6949153116531164,0.4189189189189189,0.9,-3.3151356855465473,-3.412811387900356,-0.6468557435212775,467.0,441.0,-2.66827994202527,26.0
tshieos01,6.8745942776735465,2.897841042893188,0.5777777777777777,0.7435897435897436,-3.372034007914945,-3.462633451957296,-0.4523460254520048,468.0,385.0,-2.91968798246294,83.0
brownmo01,11.035574028201221,7.082298658536589,0.6095238095238096,0.4385964912280701,-3.3972946811939164,-3.4768683274021353,-0.9943301505933412,469.0,506.0,-2.4029645306005754,-37.0
tysonhu01,12.844742291762543,2.5589552845528454,0.3785714285714285,0.75,-3.406805366942539,-3.5231316725978643,-1.4125778350737357,470.0,551.0,-1.9942275318688032,-81.0
bradlto01,5.118878048780487,1.124410569105691,0.6140350877192983,0.6,-3.4262309274117397,-3.5480427046263348,-0.5431829519067393,471.0,408.0,-2.8830479755050007,63.0
howarje01,23.4500300361337,2.9119893292682937,0.3698630136986301,0.6666666666666666,-3.499894126297486,-3.580071174377225,-1.6645837917756336,472.0,559.0,-1.8353103345218524,-87.0
hallpj01,3.6552804878048777,0.890963414634146,0.5833333333333334,0.75,-3.5134985562556866,-3.6654804270462646,-0.814103324010464,473.0,478.0,-2.6993952322452226,-5.0
dennira01,6.5966249999999995,0.5191310975609755,0.3333333333333333,1.0,-3.52064326783883,-3.6441281138790025,-0.4722814139783796,474.0,392.0,-3.04836185386045,82.0
hukpoar01,5.029371951219513,2.510129573170732,0.6774193548387096,0.4615384615384615,-3.5381694262192327,-3.658362989323843,-1.0787101909204977,475.0,523.0,-2.459459235298735,-48.0
peterdr01,3.828637195121951,0.9294420731707315,0.4468085106382978,0.7777777777777778,-3.54552694925804,-3.683274021352313,-0.605333869385519,476.0,426.0,-2.940193079872521,50.0
ducasal01,5.197286585365854,0.5667865853658537,0.4,1.0,-3.5567242256397997,-3.6939501779359425,-0.910868399249217,477.0,493.0,-2.6458558263905827,-16.0
willije02,8.465006644777988,1.4764024390243902,0.5165562913907285,0.5833333333333334,-3.580298078040029,-3.701067615658363,-0.6985947469346399,478.0,458.0,-2.8817033311053892,20.0
millele01,2.7808207637997437,1.0932046070460706,0.5428571428571428,0.9,-3.598184441143545,-3.756227758007116,-0.6582044709408924,479.0,445.0,-2.9399799702026526,34.0
walshjo01,8.007400067750678,1.6682035060975606,0.3673469387755102,0.5714285714285714,-3.6722762212755615,-3.7935943060498225,-1.3435156907105712,480.0,547.0,-2.32876053056499,-67.0
lewisma05,12.332871951219511,1.4869806910569108,0.3798449612403101,0.6923076923076923,-3.6837820362453972,-3.800711743772242,-1.392649306385455,481.0,548.0,-2.2911327298599424,-67.0
plowdda01,4.229611280487806,0.4655,0.64,1.0,-3.6862436607947533,-3.8042704626334523,-0.2697251459118112,482.0,341.0,-3.416518514882942,141.0
taylote01,6.409550434063663,1.2500975609756093,0.5130434782608696,0.625,-3.7004511856303317,-3.832740213523132,-0.992803976632528,483.0,505.0,-2.7076472089978036,-22.0
quinole01,12.406278980542618,2.6425170731707315,0.3973214285714285,0.7291666666666666,-3.721110746954762,-3.814946619217082,-0.8168291883559233,484.0,480.0,-2.9042815585988384,4.0
spencpa01,8.935899035734543,1.5160393569844788,0.4095238095238095,0.7333333333333333,-3.7234764908746336,-3.839857651245552,-0.998981497551731,485.0,507.0,-2.7244949933229026,-22.0
nfalyda01,1.9469283536585362,0.7687995426829265,0.7692307692307693,0.8,-3.7256570809422453,-3.861209964412811,-0.1817393698020607,486.0,323.0,-3.5439177111401845,163.0
jamesbr02,12.096768292682933,2.4285692904656324,0.3134328358208955,0.7857142857142857,-3.7270488850404737,-3.8362989323843415,-1.227199023123083,487.0,538.0,-2.499849861917391,-51.0
jonessp01,6.656150221729489,0.7169237804878047,0.3235294117647059,1.0,-3.763932227366924,-3.911032028469752,-0.9180322505772984,488.0,494.0,-2.8458999767896254,-6.0
cissosi01,5.6083312657695545,2.330248780487805,0.4603174603174603,0.625,-3.779881197551232,-3.9039145907473314,-0.7836339068094017,489.0,469.0,-2.99624729074183,20.0
simsja01,4.212207317073172,2.1889405487804883,0.4285714285714285,0.8,-3.785044455217796,-3.914590747330961,-0.2769544723330094,490.0,343.0,-3.5080899828847865,147.0
timmedr01,15.135203658536582,2.3462634146341466,0.4411764705882353,0.625,-3.786586841164031,-3.839857651245552,-0.4156009947619059,491.0,379.0,-3.3709858464021254,112.0
dukeda01,5.958832082551595,1.3460621189024393,0.4727272727272727,0.7272727272727273,-3.8214887295738977,-3.946619217081851,-0.5126387320160107,492.0,400.0,-3.308849997557887,92.0
toppija01,3.5953856707317073,0.28294512195121935,0.4516129032258064,1.0,-3.860833619701167,-4.01067615658363,-0.6120833787331118,493.0,428.0,-3.248750240968055,65.0
klintbo01,2.0976880081300813,0.47326829268292697,0.6,0.5,-3.8720994261031505,-4.014234875444839,-0.3777657976686001,494.0,367.0,-3.4943336284345503,127.0
kawamyu01,5.840479490022176,1.7309634146341462,0.3666666666666666,0.7777777777777778,-3.887445071164475,-4.0213523131672595,-1.0429730678733955,495.0,516.0,-2.844472003291079,-21.0
liddeej01,1.8903343495934959,0.5010548780487802,0.4285714285714285,1.0,-3.901597818032997,-4.06405693950178,-0.4758046119552435,496.0,393.0,-3.4257932060777536,103.0
mobleis01,3.6122809959349587,0.4766445121951218,0.4067796610169492,0.7142857142857143,-3.9049713062934126,-4.04982206405694,-0.380972810370089,497.0,369.0,-3.5239984959233235,128.0
nixda01,14.451012940379407,2.749463414634146,0.3435114503816794,0.6363636363636364,-3.916531668984699,-3.9999999999999996,-1.1940645332270423,498.0,536.0,-2.7224671357576566,-38.0
bufkiko01,11.08624425422139,2.2617155667144906,0.3741007194244604,0.6538461538461539,-3.9200356866273878,-4.03202846975089,-0.6692743855217492,499.0,448.0,-3.2507613011056384,51.0
garrema01,4.071305155210643,0.6134959349593493,0.4074074074074074,0.75,-3.957776037949303,-4.088967971530249,-0.1930622457536245,500.0,325.0,-3.764713792195679,175.0
hoodsja01,11.66272788012455,3.334041666666667,0.3286713286713286,0.7317073170731707,-3.9606009023052566,-4.06049822064057,-0.8694001980670075,501.0,488.0,-3.091200704238249,13.0
freemen01,6.21491425304878,3.2973644465290817,0.4324324324324324,0.6842105263157895,-3.973642879557293,-4.110320284697509,-1.0660993091495177,502.0,521.0,-2.9075435704077757,-19.0
kelleky01,3.543408536585366,1.55515243902439,0.6363636363636364,0.6,-3.9980464670922626,-4.128113879003559,-0.5363233065611572,503.0,405.0,-3.4617231605311054,98.0
etienty01,7.833637733142038,1.5174314024390245,0.3269230769230769,0.8,-4.026248705307759,-4.1387900355871885,-0.3437041577701745,504.0,360.0,-3.682544547537584,144.0
youngja05,0.7040015243902435,0.4424939024390241,0.8,1.0,-4.0718541009105165,-4.241992882562277,-0.2979405439690621,505.0,350.0,-3.773913556941454,155.0
johnsja01,3.984598402018502,0.8884735772357721,0.4142857142857143,0.5454545454545454,-4.075453845685619,-4.224199288256228,-0.6461085365111348,506.0,440.0,-3.429345309174484,66.0
minayju01,7.049790210942652,0.9587268292682927,0.3135593220338983,0.4166666666666667,-4.076029743450807,-4.209964412811388,-0.9444459161654308,507.0,496.0,-3.131583827285376,11.0
whiteda01,8.36350823170732,0.773057164634146,0.396039603960396,0.5714285714285714,-4.085396071015458,-4.1886120996441285,-0.5480409363557321,508.0,410.0,-3.537355134659726,98.0
davisjd01,3.9680439024390246,0.8687540650406502,0.3846153846153846,0.6923076923076923,-4.111870692683924,-4.2562277580071175,-0.6017371745391108,509.0,422.0,-3.5101335181448134,87.0
livinch01,4.704642378048782,1.8434756097560974,0.4081632653061224,0.75,-4.139565639902991,-4.288256227758008,-1.0601326638775954,510.0,520.0,-3.079432976025396,-10.0
dadiepa01,5.815269207317074,1.2551021341463415,0.3225806451612903,0.6666666666666666,-4.143083179353239,-4.284697508896797,-0.9094572832726622,511.0,492.0,-3.233625896080577,19.0
jonesma05,2.3085953436807096,0.6424975609756098,0.4230769230769231,0.7142857142857143,-4.1471630947611136,-4.302491103202846,-0.4046012775376696,512.0,376.0,-3.742561817223444,136.0
wongis01,7.740164634146342,2.5573099999999998,0.3888888888888889,0.7352941176470589,-4.147258898642064,-4.266903914590747,-0.5057632803222029,513.0,399.0,-3.641495618319861,114.0
swideco01,6.255193597560976,0.22363719512195093,0.3636363636363636,0.6666666666666666,-4.200866014823435,-4.3309608540925275,-0.6147608802180636,514.0,429.0,-3.5861051346053716,85.0
milleem01,1.3238963414634146,0.44458536585365843,0.5,1.0,-4.227782893042801,-4.396797153024911,-0.3093499677836195,515.0,351.0,-3.9184329252591814,164.0
harklej01,5.524315410199557,1.0932378048780482,0.3142857142857143,0.5,-4.23951822985641,-4.370106761565836,-0.5170144182751719,516.0,402.0,-3.722503811581238,114.0
tomlina01,5.681058161350845,1.9559291158536587,0.40625,0.7272727272727273,-4.250742856847431,-4.3665480427046255,-0.2591916376126482,517.0,338.0,-3.9915512192347826,179.0
bouyeja01,2.874078159645233,0.6855219512195119,0.4074074074074074,0.625,-4.258635251737534,-4.398576512455515,-0.3116074574442097,518.0,352.0,-3.9470277942933243,166.0
mcculke01,1.2982759146341456,0.4215792682926829,0.2857142857142857,1.0,-4.261710688133954,-4.425266903914591,-0.2078883262504368,519.0,327.0,-4.053822361883517,192.0
harpero02,1.485536585365854,0.2297621951219511,0.375,1.0,-4.26608539007674,-4.432384341637012,-0.2081017263452068,520.0,328.0,-4.057983663731533,192.0
roweja01,2.538364329268293,1.0466280487804875,0.4705882352941176,0.5,-4.2684406472725325,-4.419928825622776,-0.3123249254101853,521.0,353.0,-3.9561157218623473,168.0
washity02,12.174299366791747,1.631893058161351,0.3466666666666667,0.5416666666666666,-4.319455609522274,-4.434163701067615,-1.0008494704990636,522.0,509.0,-3.3186061390232107,13.0
nancepe01,3.6850191056910573,0.6041341463414628,0.3947368421052631,0.25,-4.322945875111796,-4.459074733096085,-0.5271885213550971,523.0,403.0,-3.795757353756699,120.0
flaglad01,9.856090290806755,0.2396219512195117,0.2524271844660194,0.5,-4.328472526082028,-4.4661921708185055,-1.0557250063614705,524.0,518.0,-3.272747519720558,6.0
keybr01,1.4087126524390248,0.9682660753880266,0.3636363636363636,0.6875,-4.389944609795706,-4.562277580071175,-0.4818231888800165,525.0,395.0,-3.90812142091569,130.0
crawfis01,1.8680951219512199,0.9324939024390241,0.4545454545454545,0.5,-4.401717860691189,-4.572953736654804,-0.8051922915898516,526.0,475.0,-3.5965255691013374,51.0
mcveija01,2.9764512195121955,0.0,0.2941176470588235,0.0,-4.421853036888403,-4.58540925266904,-0.4853253333170198,527.0,396.0,-3.9365277035713833,131.0
ingraha01,0.6271402439024387,0.0,0.5,0.0,-4.442228298402002,-4.615658362989324,-0.2708675791708537,528.0,342.0,-4.171360719231148,186.0
labissk01,0.6806219512195117,0.0,0.5,0.0,-4.443860264565153,-4.622775800711745,-0.2167736714422025,529.0,329.0,-4.227086593122951,200.0
alexatr01,8.061442307692309,0.9551016260162598,0.3170731707317073,0.75,-4.46417018463908,-4.615658362989324,-1.306586395504121,530.0,545.0,-3.157583789134959,-15.0
mccluma01,2.0095643631436313,0.41256605691056875,0.4090909090909091,0.6,-4.470485314584555,-4.612099644128113,-0.1090362271849891,531.0,303.0,-4.361449087399566,228.0
chrisca02,4.537536585365853,0.9065000000000001,0.2916666666666667,0.5,-4.498955142222769,-4.654804270462632,-0.7132489859621464,532.0,460.0,-3.785706156260623,72.0
norrimi01,1.6476996951219514,0.38901219512195107,0.2222222222222222,0.5,-4.508493101832119,-4.672597864768683,-0.1649448695792238,533.0,316.0,-4.343548232252895,217.0
gueyemo01,6.189808203991132,1.766352896341463,0.2894736842105263,0.4444444444444444,-4.50882891428092,-4.640569395017793,-0.6048429031352454,534.0,424.0,-3.9039860111456743,110.0
robinje01,6.524917682926829,2.1388628048780487,0.3333333333333333,0.6363636363636364,-4.538073622338285,-4.693950177935944,-1.217531947456613,535.0,537.0,-3.320541674881672,-2.0
sanogad01,3.2092510162601626,1.2990228658536587,0.5294117647058824,0.6666666666666666,-4.539239169921826,-4.672597864768684,-0.3321394514576946,536.0,357.0,-4.207099718464131,179.0
cartodj01,1.2173437500000004,0.4352634146341462,0.2666666666666666,0.8333333333333334,-4.542153537746159,-4.711743772241992,-0.2215684652559101,537.0,331.0,-4.320585072490249,206.0
willial06,0.5392987804878047,0.05378048780487775,0.4,1.0,-4.553926865390179,-4.736654804270463,-0.1666070804411041,538.0,318.0,-4.387319784949074,220.0
gortmja01,4.143023035230351,0.9596829268292679,0.391304347826087,0.5,-4.580229701516875,-4.7366548042704615,-0.8937033563935366,539.0,491.0,-3.6865263451233385,48.0
colliyu01,0.5799329268292677,0.0,0.3333333333333333,0.0,-4.593875003891898,-4.772241992882563,-0.1120457318022414,540.0,305.0,-4.481829272089657,235.0
travelu01,4.6107804878048775,0.5384024390243901,0.25,1.0,-4.5974884239716305,-4.747330960854093,-0.6728031839958484,541.0,449.0,-3.924685239975782,92.0
batesem01,7.331208841463416,0.6298292682926818,0.3218390804597701,0.25,-4.609316376085635,-4.729537366548042,-0.67453410381741,542.0,452.0,-3.934782272268225,90.0
flowetr01,2.446451981707318,0.5669359756097558,0.3636363636363636,1.0,-4.637141852686975,-4.807829181494663,-0.3393030623917298,543.0,359.0,-4.297838790295245,184.0
jenkida01,1.867876016260163,0.0,0.3,0.0,-4.645757538609722,-4.820284697508898,-0.3965890581740007,544.0,372.0,-4.2491684804357215,172.0
wheelph02,3.5157500000000015,0.4277042682926829,0.1428571428571428,1.0,-4.646868308226205,-4.813167259786477,-0.2833456285503783,545.0,345.0,-4.363522679675826,200.0
smithto05,1.3319634146341468,0.43114024390243905,0.6666666666666666,0.6666666666666666,-4.664408141911238,-4.820284697508898,-0.0568830261208687,546.0,295.0,-4.607525115790369,251.0
steveis01,0.0,0.0,0.0,0.0,-4.67080236534955,-4.8612099644128115,-0.1708830133664469,547.0,319.0,-4.499919351983103,228.0
mooreta02,2.402703048780487,0.36361585365853655,0.3448275862068966,0.5,-4.682095445612259,-4.8362989323843415,-0.1712961748394729,548.0,320.0,-4.510799270772787,228.0
watsoan02,1.5041730182926831,0.0,0.4444444444444444,0.0,-4.710081914037149,-4.887900355871887,-0.516960210077248,549.0,401.0,-4.193121703959901,148.0
bridgja01,1.2621981707317067,0.7033292682926828,0.2857142857142857,0.75,-4.711754982862726,-4.887900355871887,-0.4596834129622172,550.0,388.0,-4.252071569900509,162.0
doziepj01,3.6785853658536594,1.1500060975609756,0.3333333333333333,0.1666666666666666,-4.723675550277129,-4.879003558718861,-0.6912695927234822,551.0,455.0,-4.032405957553647,96.0
edwarje01,0.0,0.0,0.0,0.0,-4.729761235127366,-4.9234875444839865,-0.1153600301250577,552.0,306.0,-4.614401205002308,246.0
okafoja01,0.0,0.0,0.0,0.0,-4.731406876595147,-4.9234875444839865,-0.0577000838609164,553.0,297.0,-4.673706792734231,256.0
olivaqu01,0.8985823170731697,0.0,0.2,0.0,-4.7407321782459055,-4.9234875444839865,-0.1156276141035586,554.0,307.0,-4.625104564142347,247.0
minixri01,0.0,0.0,0.0,0.0,-4.754538549193012,-4.946619217081851,-0.057982177429183,555.0,298.0,-4.696556371763829,257.0
pullizy01,0.0,0.0,0.0,0.0,-4.76548214170229,-4.9608540925266915,-0.1743469076232545,556.0,322.0,-4.591135234079036,234.0
chomcul01,0.9086661585365848,0.47625609756097514,0.4,0.5,-4.791250182726226,-4.96797153024911,-0.4090091619400437,557.0,378.0,-4.382241020786182,179.0
newtotr01,1.9325121951219502,0.1685121951219511,0.125,1.0,-4.931953295706844,-5.110320284697509,-0.4811661751909116,558.0,394.0,-4.450787120515932,164.0
leonsma01,0.0,0.7373902439024387,0.0,0.5,-4.971767792994274,-5.158362989323843,-0.3637878872922639,559.0,364.0,-4.60797990570201,195.0
armeltr01,3.266542174796748,1.8242789634146344,0.3157894736842105,0.2857142857142857,-5.003436134770583,-5.1637010676156585,-0.5491576245479908,560.0,411.0,-4.454278510222592,149.0
robbili01,1.754439024390244,1.9205609756097561,0.25,0.5,-5.011636991500226,-5.177935943060498,-0.7945278157256456,561.0,472.0,-4.21710917577458,89.0
cuiyo01,2.0695030487804873,0.4365182926829263,0.1428571428571428,0.5,-5.2861658650554295,-5.473309608540926,-0.3223271868936237,562.0,355.0,-4.963838678161806,207.0
