player_id,ROLE_mean,PTS_mean,REB_mean,AST_mean,STL_mean,BLK_mean,TOV_mean,FG3M_mean,FGM_mean,FGA_mean,FTM_mean,FTA_mean,FG%_mean,FT%_mean,games_played_mean,ROLE_ci_lo,ROLE_ci_hi,PTS_ci_lo,PTS_ci_hi,REB_ci_lo,REB_ci_hi,AST_ci_lo,AST_ci_hi,STL_ci_lo,STL_ci_hi,BLK_ci_lo,BLK_ci_hi,TOV_ci_lo,TOV_ci_hi,FG3M_ci_lo,FG3M_ci_hi,FGM_ci_lo,FGM_ci_hi,FGA_ci_lo,FGA_ci_hi,FTM_ci_lo,FTM_ci_hi,FTA_ci_lo,FTA_ci_hi,FG%_ci_lo,FG%_ci_hi,FT%_ci_lo,FT%_ci_hi,games_played_ci_lo,games_played_ci_hi
beaslma01,64.88786585365854,51.26432926829269,11.639776422764228,6.051727642276424,3.363983739837398,0.3872764227642277,3.717825203252033,12.491443089430897,17.884430894308945,41.75172764227643,3.150426829268293,5.052520325203253,0.4283454473563735,0.6236673678843863,79.11333333333333,60.60762195121952,69.36189024390244,45.613109756097565,57.49603658536586,10.158536585365855,13.146341463414634,5.036585365853659,6.957317073170732,2.772256097560976,3.9268292682926833,0.2134146341463415,0.5975609756097562,3.030487804878049,4.398475609756098,10.879878048780489,14.213414634146345,15.577134146341464,20.48780487804878,37.987804878048784,45.50640243902439,2.3902439024390247,3.928963414634147,3.969512195121952,6.146341463414634,0.3877682569090628,0.4707546479160018,0.519984251968504,0.7265345765345765,76.0,82.0
bolbo01,22.70987804878049,16.23288617886179,8.229837398373984,1.5034349593495937,0.7920528455284553,1.9638414634146344,1.7307926829268292,1.936382113821138,6.405284552845529,11.776219512195125,1.4109552845528457,2.087052845528455,0.5444144969698498,0.6766286842733488,46.45333333333333,17.158536585365855,28.59969512195122,11.257621951219514,21.59969512195122,5.719512195121951,10.926829268292684,0.9390243902439024,2.1362804878048784,0.4695121951219512,1.1097560975609757,1.2804878048780488,2.731707317073171,1.152439024390244,2.3902439024390247,1.3231707317073171,2.5631097560975613,4.223475609756098,8.792682926829269,8.235670731707318,15.709451219512196,0.8515243902439026,2.00609756097561,1.3658536585365857,2.9024390243902443,0.4483388961340377,0.6531340831543031,0.5183990442054958,0.8378814298169137,39.0,54.0
bostobr01,28.28711382113821,17.950447154471547,5.1994918699187,3.149857723577236,1.8532926829268288,0.5171747967479676,2.310142276422764,1.8678048780487808,6.737073170731708,15.63831300813008,2.773678861788618,3.8945325203252046,0.4305117484360607,0.7122664152472424,39.906666666666666,20.445121951219512,35.00213414634146,12.459146341463416,23.82774390243903,3.66859756097561,6.918902439024391,2.17469512195122,4.310975609756098,1.2804878048780488,2.520426829268293,0.2966463414634147,0.7682926829268293,1.579268292682927,3.160670731707317,1.2804878048780488,2.518292682926829,4.522256097560976,9.048780487804878,11.217073170731709,20.11006097560976,1.8353658536585369,3.884146341463415,2.68689024390244,5.207317073170732,0.3468332160450387,0.5077182634571444,0.588156862745098,0.8392967372134039,33.0,47.0
brissos01,19.36837398373984,11.99418699186992,6.299715447154472,1.4789634146341466,1.083577235772358,0.7520731707317073,1.8288211382113824,1.4241869918699186,4.141239837398373,8.893841463414635,2.348130081300813,4.110650406504065,0.4662161072293488,0.5708025861601099,34.82666666666667,14.042682926829269,24.47012195121952,7.853658536585367,16.057317073170736,4.182926829268293,8.540853658536587,0.9795731707317076,2.048780487804878,0.5975609756097562,1.5365853658536586,0.426829268292683,1.0670731707317074,1.1097560975609757,2.603658536585366,0.9817073170731708,1.9634146341463417,2.5161585365853663,5.8048780487804885,6.060975609756098,11.782621951219513,1.363719512195122,3.459451219512196,2.729573170731708,5.634146341463415,0.3577248798352025,0.5721143018018019,0.4071519795657726,0.7132883738601825,27.0,42.0
brogdma01,34.64871951219512,22.25829268292683,6.321483739837398,7.140853658536586,1.13010162601626,0.4330894308943089,2.6067886178861785,2.2741463414634144,7.675528455284554,17.349756097560977,4.869552845528456,5.921829268292684,0.4424206322209409,0.8222955500684045,38.76,26.928658536585367,42.13231707317074,16.639939024390245,28.343597560975613,4.603353658536586,7.981707317073171,5.335365853658537,9.095731707317077,0.7256097560975611,1.5365853658536586,0.2134146341463415,0.6829268292682927,1.7926829268292683,3.374085365853659,1.5771341463414634,2.9878048780487805,5.420731707317073,9.98780487804878,13.146341463414634,21.72987804878049,3.2844512195121958,6.532621951219514,4.052743902439024,7.896341463414634,0.3704828241537579,0.5167810821974391,0.7380699088145897,0.895,32.0,46.0
brownmo01,9.91680894308943,6.959451219512195,5.069166666666667,0.3788821138211383,0.5710975609756097,0.5183130081300814,1.0064634146341462,0.0,2.859613821138212,4.597662601626017,1.017276422764228,2.0176219512195126,0.6224784177858583,0.5023345164932095,25.88,6.259451219512195,13.78658536585366,3.877743902439025,10.418902439024391,3.1137195121951224,7.770426829268294,0.1707317073170731,0.6402439024390244,0.2560975609756097,0.9390243902439024,0.2539634146341464,0.8131097560975615,0.5121951219512195,1.4960365853658542,0.0,0.0,1.4064024390243903,4.441158536585367,2.5161585365853663,6.871951219512195,0.4246951219512196,1.7948170731707322,1.1076219512195122,3.1179878048780494,0.44,0.7829089408178818,0.279768115942029,0.7222222222222222,18.950000000000003,32.05000000000001
burksal01,28.39481707317073,21.894634146341467,6.393902439024391,3.4181910569105693,1.552378048780488,0.4865853658536586,1.9316869918699189,4.715182926829269,6.62339430894309,16.265752032520325,3.673292682926829,4.915365853658538,0.4071629752335047,0.7468473430462634,56.13,23.558841463414637,33.3844512195122,17.152134146341464,26.97560975609756,4.993902439024391,8.152439024390244,2.5588414634146344,4.357926829268293,1.1097560975609757,2.048780487804878,0.2560975609756097,0.7256097560975611,1.4085365853658538,2.475609756097561,3.414634146341464,5.975609756097561,4.607621951219513,8.839634146341465,12.503963414634148,20.152743902439028,2.432926829268293,4.910670731707318,3.542682926829269,6.36189024390244,0.3318343740584736,0.49073890495204,0.6306208382295339,0.8622490993309315,49.0,63.0
butleja02,32.55583333333333,19.42869918699187,3.948455284552845,7.736849593495935,1.9841869918699184,0.5444918699186992,3.231951219512196,2.5838821138211383,7.385853658536586,16.07424796747968,2.035406504065041,2.9449796747967483,0.4579863072403109,0.6919587534867214,48.68,25.9469512195122,39.3109756097561,14.085365853658535,24.7219512195122,2.8576219512195125,5.124085365853659,5.8048780487804885,9.817073170731708,1.451219512195122,2.603658536585366,0.339329268292683,0.853658536585366,2.304878048780488,4.142378048780489,1.7926829268292683,3.457317073170732,4.993902439024391,10.120121951219517,12.03658536585366,20.66067073170732,1.3658536585365857,2.774390243902439,2.176829268292683,3.672865853658537,0.3797671868625051,0.5382962144069032,0.5522388059701493,0.8235810113519092,42.0,56.0
cancavl01,8.564756097560975,4.145934959349594,3.965813008130082,1.3708333333333331,0.5053658536585366,0.3258130081300813,1.288313008130081,0.6926016260162602,1.59520325203252,3.656930894308944,0.2484146341463415,0.3963821138211382,0.4355492636182878,0.6225225089667814,28.94333333333333,5.452743902439025,11.827439024390246,2.2195121951219514,6.231707317073171,2.176829268292683,5.932926829268293,0.6402439024390244,2.1362804878048784,0.2134146341463415,0.853658536585366,0.1280487804878048,0.5548780487804879,0.6829268292682927,2.00609756097561,0.3414634146341463,1.1118902439024396,0.7682926829268293,2.603658536585366,2.091463414634146,5.465548780487806,0.0853658536585365,0.4695121951219512,0.1707317073170731,0.6829268292682927,0.2774603174603174,0.5934373708143861,0.2857142857142857,1.0,21.0,36.0
chrisjo01,10.069044715447156,5.977601626016261,1.4936178861788618,1.4570528455284553,1.0447357723577235,0.555589430894309,1.042174796747967,0.3838617886178861,2.3785772357723585,5.717662601626017,0.7266056910569106,1.1646747967479674,0.4177345926404469,0.6259646959065794,31.40333333333333,6.272256097560976,14.175000000000002,3.327134146341464,9.396646341463416,0.8088414634146343,2.304878048780488,0.8109756097560976,2.2195121951219514,0.5548780487804879,1.6219512195121952,0.2560975609756097,0.8963414634146342,0.5548780487804879,1.6219512195121952,0.1707317073170731,0.6402439024390244,1.0222560975609756,4.059146341463415,3.1137195121951224,8.664634146341465,0.3841463414634146,1.152439024390244,0.6402439024390244,1.7500000000000002,0.2433352651405389,0.5747844112769486,0.4285714285714285,0.8401052631578947,24.0,39.0
craigto01,17.630325203252035,10.670162601626016,7.061036585365855,1.9991260162601627,1.0418902439024391,1.2208739837398377,1.1521544715447154,2.3311991869918702,3.637865853658536,8.408821138211382,0.8814024390243903,1.407540650406504,0.432617595047007,0.6271644816500899,45.03,13.865548780487806,21.640243902439025,7.456707317073171,13.790853658536587,5.077134146341464,8.927134146341466,1.3658536585365857,2.731707317073171,0.6829268292682927,1.453353658536586,0.8088414634146343,1.707317073170732,0.7661585365853659,1.579268292682927,1.579268292682927,3.1158536585365857,2.347560975609756,5.121951219512195,6.272256097560976,10.713414634146345,0.4695121951219512,1.3231707317073171,0.8963414634146342,1.878048780487805,0.312864263803681,0.5417317708333333,0.4283928571428571,0.8002439024390244,38.0,53.0
crowdja01,9.004532520325204,5.670284552845529,3.454756097560976,1.242926829268293,0.6926016260162603,0.1678861788617886,0.7035569105691056,1.103780487804878,1.8164430894308945,4.47729674796748,0.9677642276422764,1.4126626016260162,0.4060915820785727,0.6882258974787978,29.34,6.221036585365854,11.996036585365854,3.2865853658536586,8.071341463414637,2.1320121951219515,4.865853658536586,0.7256097560975611,1.7948170731707322,0.3820121951219513,1.024390243902439,0.0426829268292682,0.2987804878048781,0.3841463414634146,1.026524390243903,0.5975609756097562,1.6646341463414636,0.9390243902439024,2.817073170731708,2.8128048780487807,6.235975609756099,0.4673780487804879,1.579268292682927,0.7256097560975611,2.176829268292683,0.2592374727668845,0.5516941391941393,0.4735294117647058,0.865099882491187,22.950000000000003,36.05000000000001
davisjo06,12.145853658536586,7.308170731707317,3.371951219512195,1.363577235772358,1.048292682926829,0.5719512195121952,0.7631707317073171,0.805,2.973008130081301,7.062032520325203,0.8392886178861789,1.5102642276422766,0.4198306400933491,0.5565479484700849,41.78666666666667,8.83109756097561,15.53658536585366,4.865853658536586,9.605792682926827,2.2195121951219514,4.652439024390244,0.8109756097560976,1.920731707317073,0.6402439024390244,1.451219512195122,0.2987804878048781,0.8963414634146342,0.426829268292683,1.0670731707317074,0.4695121951219512,1.152439024390244,1.579268292682927,4.313109756097562,4.776219512195123,9.475609756097562,0.4673780487804879,1.3658536585365857,0.9390243902439024,2.1341463414634148,0.2856177606177606,0.5446164010008152,0.3527941176470588,0.7718815331010455,34.0,49.0
daviste02,5.2909756097560985,2.1637398373983743,1.5089837398373986,1.2999796747967485,0.1943495934959349,0.0416869918699187,0.265630081300813,0.4468902439024391,0.8318902439024392,3.187987804878049,0.170020325203252,0.2829878048780488,0.2622377118499259,0.6044541428689569,21.946666666666665,3.2012195121951224,7.258231707317075,0.9390243902439024,3.457317073170732,0.8109756097560976,2.2621951219512195,0.7234756097560977,1.7948170731707322,0.0426829268292682,0.3841463414634146,0.0,0.1280487804878048,0.0853658536585365,0.4695121951219512,0.1707317073170731,0.8109756097560976,0.2966463414634147,1.5387195121951225,1.8332317073170727,4.6972560975609765,0.0426829268292682,0.3414634146341463,0.0853658536585365,0.5121951219512195,0.1216011466011466,0.4445906432748538,0.2,1.0,15.0,29.0
dinwisp01,66.93493902439025,40.06447154471545,9.509044715447155,16.339024390243903,3.172906504065041,1.115020325203252,4.688008130081301,5.493719512195122,12.74128048780488,30.822337398373985,8.656951219512196,11.26359756097561,0.413258988312254,0.7686621335883657,76.09333333333333,59.66859756097561,74.3984756097561,32.9064024390244,47.00884146341464,7.723475609756099,11.09969512195122,13.658536585365855,19.252134146341465,2.518292682926829,3.798780487804878,0.8109756097560976,1.451219512195122,3.796646341463415,5.634146341463415,4.607621951219513,6.406707317073172,10.196951219512195,15.496036585365854,26.4484756097561,35.768292682926834,6.914634146341464,10.459451219512196,9.176829268292684,13.53689024390244,0.3537730549957872,0.4652804972181114,0.6981333333333333,0.8375022563176896,72.0,80.0
dowtije01,15.857276422764231,10.601869918699188,2.7891869918699186,3.622357723577236,1.153577235772358,0.4814634146341463,0.8057113821138212,1.291869918699187,4.0214430894308935,8.02979674796748,1.129247967479675,1.7571138211382114,0.5023210867494011,0.6427128830832025,34.973333333333336,11.046341463414636,21.13018292682927,6.615853658536586,14.725609756097562,1.7478658536585368,4.057012195121952,2.304878048780488,4.953353658536586,0.6829268292682927,1.6646341463414636,0.2560975609756097,0.7256097560975611,0.4695121951219512,1.1951219512195124,0.7661585365853659,1.880182926829269,2.432926829268293,6.063109756097562,5.290548780487805,11.483841463414636,0.5548780487804879,1.7094512195121958,1.0670731707317074,2.4777439024390246,0.3895658263305322,0.6310186386999637,0.4508451656524679,0.8333333333333334,28.0,43.0
doziepj01,2.4926829268292683,1.3144918699186994,0.8485365853658536,0.876991869918699,0.2745934959349593,0.0061178861788617,0.2249390243902439,0.3061788617886179,0.4633943089430893,1.0165650406504063,0.290670731707317,1.007459349593496,0.4555614118137739,0.2891268971754951,18.78,1.3658536585365857,3.798780487804878,0.5975609756097562,2.053048780487806,0.3841463414634146,1.3679878048780494,0.3841463414634146,1.4939024390243902,0.0853658536585365,0.5121951219512195,0.0,0.0426829268292682,0.0426829268292682,0.426829268292683,0.1280487804878048,0.5548780487804879,0.1280487804878048,0.8984756097560981,0.4695121951219512,1.6646341463414636,0.0426829268292682,0.5975609756097562,0.4695121951219512,1.6219512195121952,0.1576923076923077,0.7419354838709677,0.0666666666666666,0.5502777777777779,12.0,26.0
duartch01,9.319532520325204,7.419715447154472,3.466565040650406,1.704756097560976,0.5423577235772358,0.1828252032520325,0.6304268292682926,1.328008130081301,2.334471544715447,5.616788617886179,1.3255894308943088,1.9218699186991872,0.4146427131578204,0.6901035101798841,39.18333333333333,6.528353658536586,12.422865853658536,4.778353658536586,10.675000000000002,2.176829268292683,4.865853658536586,0.9817073170731708,2.432926829268293,0.2560975609756097,0.853658536585366,0.0426829268292682,0.3414634146341463,0.3414634146341463,0.9411585365853664,0.8109756097560976,1.9634146341463417,1.1097560975609757,3.5469512195121964,3.2865853658536586,7.941158536585367,0.7256097560975611,2.00609756097561,1.152439024390244,2.774390243902439,0.2732064852150537,0.5762299771167049,0.499390243902439,0.8448692810457518,31.950000000000003,46.0
dukeda01,4.505467479674797,3.447784552845528,1.3447967479674796,0.8657520325203253,0.2883943089430895,0.0005691056910569,0.5047967479674796,0.5329674796747969,1.3419512195121952,2.745792682926829,0.3739024390243903,0.5622764227642277,0.48995848074409,0.65939519479274,16.773333333333333,2.347560975609756,6.9594512195121965,1.3658536585365857,6.022560975609757,0.5121951219512195,2.304878048780488,0.3414634146341463,1.451219512195122,0.0853658536585365,0.5143292682926834,0.0,0.0,0.2134146341463415,0.8963414634146342,0.2134146341463415,0.8963414634146342,0.3841463414634146,2.4350609756097565,1.1951219512195124,4.782621951219514,0.0853658536585365,0.6829268292682927,0.2134146341463415,0.9817073170731708,0.2639705882352941,0.7353218645948946,0.2992857142857142,1.0,11.0,23.05000000000001
edwarke02,16.899024390243902,10.289715447154473,5.948150406504066,2.320243902439025,1.1914227642276425,1.0491463414634146,0.9041666666666668,1.6984959349593494,3.867784552845529,8.123841463414635,0.8111178861788619,1.146890243902439,0.476240331814472,0.7064293403669594,47.21,12.58719512195122,21.392682926829277,7.125914634146342,13.918902439024391,4.097560975609756,7.810975609756098,1.579268292682927,3.160670731707317,0.8109756097560976,1.5814024390243908,0.6829268292682927,1.451219512195122,0.5954268292682928,1.2378048780487805,1.152439024390244,2.347560975609756,2.4734756097560977,5.38018292682927,5.8881097560975615,10.756097560975611,0.4695121951219512,1.2378048780487805,0.7256097560975611,1.6219512195121952,0.3770339306138009,0.5847552447552448,0.5275793650793651,0.8696353436185134,40.0,54.0
fernabr01,12.981869918699187,6.668780487804879,5.365955284552846,1.8155894308943088,0.5885975609756098,1.0933943089430893,1.4984552845528454,0.0,2.747215447154472,5.043414634146342,1.191849593495935,1.9432113821138213,0.5437710715109828,0.6150396498666857,34.62,9.215243902439026,16.989939024390246,4.477439024390245,9.400914634146345,3.410365853658537,7.386280487804879,1.105487804878049,2.5609756097560976,0.3414634146341463,0.8963414634146342,0.6807926829268294,1.5814024390243908,0.9795731707317076,2.1362804878048784,0.0,0.0,1.6198170731707318,4.101829268292684,3.329268292682927,6.957317073170732,0.6402439024390244,1.8375000000000008,1.152439024390244,2.774390243902439,0.4,0.6892005420054201,0.4199090909090909,0.8052591463414636,28.0,41.05000000000001
flynnma01,14.811260162601627,8.447662601626016,3.107743902439025,3.0990650406504066,1.256158536585366,0.0735569105691057,1.5196544715447151,1.026808943089431,2.708658536585366,6.770081300813008,1.6950813008130083,2.395223577235773,0.401725442030632,0.7071368800466269,35.74666666666667,10.621646341463416,19.37804878048781,5.463414634146342,11.697256097560976,1.9634146341463417,4.227743902439025,2.048780487804878,4.270426829268294,0.8088414634146343,1.7926829268292683,0.0,0.1707317073170731,0.8942073170731708,2.176829268292683,0.5548780487804879,1.4939024390243902,1.5365853658536586,4.014329268292684,4.308841463414635,9.351829268292684,0.9390243902439024,2.475609756097561,1.4490853658536589,3.544817073170732,0.2873904704219664,0.5225021607605878,0.535672757475083,0.8519865319865321,29.0,43.0
greenja02,15.446666666666667,9.061300813008131,4.560243902439024,1.295,1.392459349593496,1.2215853658536586,1.2702439024390246,0.89989837398374,3.137479674796748,5.707418699186992,1.616260162601626,2.669532520325203,0.5500914295071463,0.6063659553053111,37.2,11.863719512195123,19.465548780487808,6.231707317073171,12.55091463414634,3.327134146341464,5.977743902439025,0.8963414634146342,1.8353658536585369,0.9390243902439024,1.920731707317073,0.7682926829268293,1.707317073170732,0.7682926829268293,1.7926829268292683,0.5548780487804879,1.3231707317073171,1.9612804878048784,4.227743902439025,3.967378048780488,7.5185975609756115,0.9390243902439024,2.347560975609756,1.8353658536585369,3.544817073170732,0.4223940208794685,0.6706158705092775,0.4482024944974321,0.7714647377938517,30.0,44.0
greenjo01,35.87912601626016,22.09837398373984,7.8570731707317085,5.222398373983741,2.892906504065041,0.6792276422764228,3.1770325203252034,3.9786178861788617,7.894634146341465,17.168211382113824,2.287947154471545,3.696483739837399,0.4595933840580525,0.6188831862004295,63.9,30.94512195121952,40.61067073170732,17.11371951219512,26.764329268292688,6.440853658536586,9.34969512195122,4.225609756097561,6.274390243902439,2.2195121951219514,3.5875000000000004,0.426829268292683,0.9411585365853664,2.4307926829268296,3.969512195121952,3.073170731707317,4.951219512195122,6.101524390243903,9.989939024390244,14.288109756097562,20.14634146341464,1.579268292682927,3.0326219512195127,2.817073170731708,4.61189024390244,0.3960060413255684,0.5385136308386873,0.4935487452809238,0.7443417256753213,57.95,70.0
halibty01,96.33479674796747,56.2398780487805,10.755955284552847,28.40876016260163,4.383821138211382,2.229471544715447,5.934207317073171,8.776747967479675,19.654065040650405,41.23028455284553,8.161971544715449,10.068617886178863,0.4767857911924195,0.8107536592225146,69.07333333333334,87.49359756097562,105.0533536585366,48.274390243902445,64.23780487804879,9.134146341463415,12.676829268292684,25.052743902439023,32.09756097560976,3.5000000000000004,5.25,1.7500000000000002,2.774390243902439,4.865853658536586,6.916768292682928,7.128048780487806,10.37408536585366,17.071036585365853,22.284756097560976,36.94634146341464,46.05701219512195,6.613719512195122,9.691158536585366,8.278353658536586,11.86798780487805,0.4317392113426654,0.5184851676320871,0.750915089723754,0.8680975502096668,64.0,74.0
holmeri01,19.370365853658537,12.372642276422765,9.467642276422763,2.029857723577236,0.5998373983739836,1.2533130081300814,1.3433739837398373,0.0354268292682926,4.779065040650407,7.817662601626016,2.279979674796748,3.135060975609756,0.6113392628381662,0.727500680866097,40.22,14.42469512195122,23.82134146341464,8.698780487804878,16.77439024390244,6.481402439024391,12.640548780487809,1.3658536585365857,2.774390243902439,0.3414634146341463,0.8963414634146342,0.8109756097560976,1.7500000000000002,0.8963414634146342,1.878048780487805,0.0,0.0853658536585365,3.158536585365854,6.359756097560976,5.375914634146342,9.94939024390244,1.4939024390243902,3.158536585365854,2.1320121951219515,4.182926829268293,0.5138495517734182,0.7135521235521236,0.5832364341085272,0.8553188405797102,33.0,47.0
hortota01,31.755101626016263,21.274166666666662,5.530284552845528,6.1311178861788616,1.6202439024390245,0.9084349593495936,2.805406504065041,2.471341463414634,7.207581300813008,17.01327235772358,3.9488821138211385,5.667865853658537,0.4230633137855911,0.697103455305864,57.85,25.133841463414637,37.99207317073172,15.572865853658538,27.66280487804878,4.052743902439024,6.914634146341464,4.439024390243903,7.770426829268294,1.1076219512195122,2.176829268292683,0.5975609756097562,1.2378048780487805,1.9634146341463417,3.5875000000000004,1.7500000000000002,3.2012195121951224,5.036585365853659,9.989939024390244,13.229573170731708,21.051219512195125,2.5993902439024392,5.25,3.9268292682926833,7.469512195121951,0.337750906388476,0.51717580548329,0.5800732263439445,0.8016832422841668,51.0,64.0
irvinky01,81.23741869918702,60.478008130081314,11.799552845528456,11.777642276422766,3.2965447154471548,1.5091260162601627,5.108861788617887,7.176422764227644,22.100792682926837,45.73020325203253,9.09459349593496,10.336951219512196,0.4831159696938125,0.879632742467709,56.13666666666666,70.16006097560975,92.19725609756098,50.27835365853659,70.22621951219513,9.689024390243905,13.871951219512196,9.646341463414634,13.788719512195122,2.5588414634146344,4.097560975609756,1.1097560975609757,1.9634146341463417,4.1381097560975615,6.191158536585367,5.890243902439025,8.579268292682928,18.30670731707317,26.03871951219513,38.613109756097565,52.16280487804879,7.296646341463415,11.097560975609756,8.40640243902439,12.429268292682927,0.4426229994627753,0.5231532281637244,0.8292546921751746,0.9253353129587616,49.0,63.0
jacksre01,24.50882113821138,15.141910569105692,3.820406504065041,5.219695121951219,1.449939024390244,0.3988008130081301,2.3164024390243902,2.429654471544716,5.703861788617887,13.660955284552848,1.47369918699187,2.0312804878048785,0.417089478449259,0.7247366003271998,54.17,19.41859756097561,29.325304878048783,11.389939024390245,19.38018292682927,2.601524390243903,4.993902439024391,3.841463414634146,6.615853658536586,1.024390243902439,1.880182926829269,0.2134146341463415,0.5996951219512201,1.6625,3.0326219512195127,1.7500000000000002,3.2012195121951224,4.00579268292683,7.687195121951221,10.576829268292684,17.120121951219513,0.9390243902439024,2.176829268292683,1.363719512195122,2.731707317073171,0.329087109337893,0.4990214628897917,0.5680335968379447,0.8630448318804483,47.0,61.0
johnsja01,3.0044512195121955,1.253739837398374,0.8215040650406504,0.6076626016260163,0.3152845528455285,0.2341869918699186,0.5079268292682927,0.0162195121951219,0.5719512195121952,1.3517682926829266,0.1614837398373984,0.3023373983739837,0.4228567910421152,0.5420714913741229,19.863333333333333,1.6646341463414636,4.483841463414636,0.5548780487804879,2.1362804878048784,0.2987804878048781,1.3231707317073171,0.339329268292683,0.9817073170731708,0.0853658536585365,0.5548780487804879,0.0853658536585365,0.426829268292683,0.1707317073170731,0.853658536585366,0.0,0.0853658536585365,0.2134146341463415,1.152439024390244,0.6829268292682927,2.176829268292683,0.0426829268292682,0.3414634146341463,0.1280487804878048,0.5548780487804879,0.1762677484787018,0.6875,0.1428571428571428,1.0,14.0,26.0
johnske04,60.55469512195123,43.39302845528455,15.041463414634144,6.628231707317074,2.415569105691057,1.152581300813008,4.067682926829269,4.732825203252033,15.92428861788618,34.03408536585366,7.100304878048781,9.644065040650409,0.4677821619334844,0.7357619370063441,71.05333333333333,53.21493902439025,67.27682926829269,36.19298780487805,50.32530487804878,12.629878048780489,17.67286585365854,5.420731707317073,7.853658536585367,1.8353658536585369,3.030487804878049,0.8109756097560976,1.5365853658536586,3.2012195121951224,4.908536585365854,3.796646341463415,5.764329268292684,13.18689024390244,18.74420731707317,29.195121951219512,38.672865853658536,5.420731707317073,8.835365853658537,7.595426829268293,11.61189024390244,0.4182004056882674,0.5218468835239995,0.6519221238938053,0.808694365530303,66.0,76.0
josepco01,16.64420731707317,8.972804878048782,3.67770325203252,4.248516260162602,1.1291056910569106,0.2804268292682927,1.2520325203252034,1.9241463414634143,3.1491463414634144,7.640955284552847,0.93489837398374,1.442540650406504,0.4110776027326261,0.6469902425921501,47.906666666666666,12.93079268292683,20.492073170731707,6.146341463414634,11.82530487804878,2.6420731707317078,4.739939024390245,3.030487804878049,5.420731707317073,0.7682926829268293,1.579268292682927,0.1259146341463415,0.4695121951219512,0.853658536585366,1.6667682926829277,1.3658536585365857,2.518292682926829,1.920731707317073,4.481707317073171,5.503963414634147,10.115853658536588,0.5548780487804879,1.451219512195122,0.9390243902439024,2.091463414634146,0.3036613756613756,0.5162768138223882,0.4736111111111111,0.8215336134453781,41.0,55.0
keybr01,3.0475609756097564,1.7236788617886178,0.8533739837398375,0.2223780487804877,0.4917073170731708,0.0054065040650406,0.2168292682926829,0.0330081300813008,0.3929674796747967,1.3134959349593496,0.8279065040650407,1.5446951219512195,0.2971295263297527,0.535835445138311,17.243333333333332,1.7051829268292684,4.569207317073172,0.8109756097560976,2.689024390243903,0.426829268292683,1.3231707317073171,0.0853658536585365,0.426829268292683,0.2134146341463415,0.8109756097560976,0.0,0.0426829268292682,0.0853658536585365,0.426829268292683,0.0,0.0853658536585365,0.0853658536585365,0.853658536585366,0.5548780487804879,2.176829268292683,0.2987804878048781,1.4960365853658542,0.7682926829268293,2.5609756097560976,0.0689655172413793,0.5456818181818182,0.2631578947368421,0.7956818181818182,11.95,24.0
knoxke01,9.423536585365856,7.554735772357723,2.739532520325204,0.9179674796747967,0.4356504065040651,0.5969918699186992,0.8402845528455285,1.0377642276422765,2.839126016260163,5.840304878048781,0.9304878048780488,1.344227642276423,0.4847191014783739,0.6931473344751024,32.18666666666667,6.4003048780487815,12.166768292682928,4.266158536585366,10.715548780487806,1.579268292682927,3.969512195121952,0.5121951219512195,1.3679878048780494,0.2134146341463415,0.6850609756097567,0.2987804878048781,0.9390243902439024,0.4673780487804879,1.2399390243902444,0.5548780487804879,1.5814024390243908,1.5771341463414634,4.524390243902439,3.66859756097561,8.197256097560976,0.4695121951219512,1.453353658536586,0.8109756097560976,2.0082317073170737,0.3482650392327812,0.6174324113142678,0.4794375,0.8802307692307693,25.0,40.0
leeda03,11.512012195121953,8.521077235772358,2.449430894308944,1.3319918699186992,0.6702642276422764,0.0113821138211382,1.1483130081300814,1.261849593495935,2.812662601626017,6.891016260162602,1.9218699186991868,2.2717276422764225,0.407893283493392,0.8481013790497576,39.75666666666667,8.49390243902439,14.59969512195122,5.76219512195122,11.61189024390244,1.6219512195121952,3.457317073170732,0.8109756097560976,1.878048780487805,0.3841463414634146,0.9817073170731708,0.0,0.0426829268292682,0.7256097560975611,1.6646341463414636,0.8109756097560976,1.7926829268292683,1.6219512195121952,4.09969512195122,4.823170731707317,8.878048780487806,1.2378048780487805,2.689024390243903,1.4490853658536589,3.075304878048781,0.2901339369930202,0.5331368631368631,0.722008547008547,0.947560975609756,32.0,48.0
lenal01,11.289065040650408,4.6850203252032525,5.318861788617888,1.9931504065040653,0.5799186991869919,1.3405284552845529,1.2959959349593495,0.0317276422764227,1.799939024390244,3.407378048780488,0.8549390243902439,1.574857723577236,0.5306031188577047,0.5442005833615332,46.59666666666666,8.49390243902439,14.258231707317076,3.199085365853659,6.0652439024390254,3.625914634146342,7.175000000000001,1.2804878048780488,2.689024390243903,0.2987804878048781,0.8963414634146342,0.853658536585366,1.878048780487805,0.853658536585366,1.7926829268292683,0.0,0.0853658536585365,1.0670731707317074,2.689024390243903,2.304878048780488,4.652439024390244,0.426829268292683,1.2399390243902444,1.024390243902439,2.176829268292683,0.3747115384615385,0.697897080653142,0.3526854219948849,0.7368421052631579,40.0,54.0
lillada01,96.36680894308944,69.7215650406504,12.495426829268292,19.15581300813008,3.2531504065040653,0.7704268292682926,7.905731707317075,9.333475609756096,21.22607723577236,47.95028455284553,17.9025,19.87373983739837,0.4425977319809722,0.9007911082684368,62.943333333333335,86.17682926829269,106.67103658536588,60.52225609756098,80.29298780487807,10.670731707317074,14.298780487804878,16.727439024390247,21.640243902439025,2.603658536585366,3.9268292682926833,0.5121951219512195,1.0670731707317074,6.613719512195122,9.432926829268292,7.806707317073172,10.928963414634149,18.18079268292683,24.3719512195122,41.696951219512194,53.82957317073171,14.896341463414634,20.91676829268293,16.5609756097561,23.100000000000005,0.4051619748977907,0.4835119313487938,0.8653707802988378,0.9303047326265872,57.0,69.0
lylestr01,33.00542682926829,20.55666666666667,12.818252032520329,3.779288617886179,1.5656097560975613,1.2392276422764228,2.071686991869919,3.977621951219512,6.914065040650407,15.67117886178862,2.798008130081301,4.288922764227642,0.4416830229023122,0.6525938999789611,65.53666666666666,28.51006097560976,37.989939024390246,16.347560975609756,24.675,10.753963414634148,14.988109756097565,2.9878048780487805,4.695121951219512,1.152439024390244,2.00609756097561,0.853658536585366,1.579268292682927,1.4939024390243902,2.603658536585366,3.071036585365854,4.86798780487805,5.247865853658537,8.451219512195122,12.80487804878049,18.44115853658537,2.0039634146341467,3.7582317073170737,3.2844512195121958,5.463414634146342,0.3642629673679216,0.5173843525849646,0.5318957255127468,0.7707893370261382,60.0,72.0
martike04,26.795772357723585,17.822825203252034,8.50628048780488,3.17859756097561,1.2994105691056912,1.3738211382113823,1.942784552845529,1.1245528455284552,7.049512195121952,12.856097560975613,2.263191056910569,3.574410569105691,0.5488668684747477,0.6324364439479736,56.24,22.064939024390245,31.92682926829269,13.656402439024392,22.668902439024397,6.573170731707317,10.371951219512196,2.345426829268293,4.142378048780489,0.8963414634146342,1.707317073170732,0.9390243902439024,1.8353658536585369,1.4085365853658538,2.520426829268293,0.7682926829268293,1.4939024390243902,5.2457317073170735,9.134146341463415,10.154268292682929,15.8375,1.491768292682927,3.1158536585365857,2.5609756097560976,4.528658536585366,0.4614384170742552,0.631476902326627,0.4781850353892821,0.766465544617339,49.0,63.0
millspa02,12.049105691056912,8.067215447154473,1.7356300813008132,1.923861788617886,1.0148577235772358,0.1620528455284552,1.2321138211382114,1.754979674796748,2.7243089430894307,6.913922764227642,1.0889837398373985,1.3263008130081302,0.3934327555670711,0.8216000188866364,36.63333333333333,8.449085365853659,15.58567073170732,5.164634146341464,11.09969512195122,1.152439024390244,2.432926829268293,1.1951219512195124,2.689024390243903,0.6402439024390244,1.4939024390243902,0.0426829268292682,0.2987804878048781,0.7682926829268293,1.7926829268292683,1.152439024390244,2.518292682926829,1.4939024390243902,4.059146341463415,4.650304878048781,9.569512195121954,0.6807926829268294,1.6219512195121952,0.853658536585366,1.880182926829269,0.2691838649155722,0.5178383255142549,0.6666666666666666,0.9445195195195196,30.0,43.0
miltosh01,26.417174796747968,16.984817073170735,5.5426626016260165,5.648943089430895,1.373536585365854,0.3660772357723577,2.4142886178861787,1.9430691056910567,6.228008130081301,13.624532520325204,2.6430691056910574,3.667601626016261,0.4571157262640298,0.7205212124197351,57.71333333333333,21.034146341463416,31.850000000000005,12.503963414634148,22.11615853658537,4.095426829268293,7.13018292682927,4.054878048780488,7.386280487804879,0.9817073170731708,1.8353658536585369,0.1707317073170731,0.5975609756097562,1.707317073170732,3.203353658536586,1.3658536585365857,2.60579268292683,4.353658536585366,8.239939024390244,10.028353658536586,17.11798780487805,1.7478658536585368,3.5875000000000004,2.603658536585366,4.737804878048781,0.3619650585029652,0.5404414794547642,0.5925404277516954,0.8395061728395061,51.0,64.0
minayju01,6.72369918699187,2.9401422764227645,1.9396544715447157,0.9465650406504066,0.6497764227642276,0.5363821138211383,0.6317073170731707,0.5040853658536586,1.2040853658536586,3.349756097560976,0.1518089430894309,0.415020325203252,0.359435832220329,0.36402909845286,28.09,4.01219512195122,9.225914634146344,1.6219512195121952,4.481707317073171,1.1076219512195122,2.8618902439024394,0.4695121951219512,1.4939024390243902,0.3414634146341463,1.024390243902439,0.2560975609756097,0.8963414634146342,0.3414634146341463,1.024390243902439,0.2560975609756097,0.7704268292682932,0.5121951219512195,2.048780487804878,1.8353658536585369,4.865853658536586,0.0426829268292682,0.300914634146342,0.2112804878048781,0.7256097560975611,0.1933049300060864,0.5303503787878787,0.0769230769230769,0.6666666666666666,20.950000000000003,35.0
mobleis01,9.909410569105692,4.208109756097561,2.381707317073171,2.0564634146341465,0.5447764227642278,0.373760162601626,0.1503861788617886,0.5807723577235773,1.4190650406504066,4.506890243902439,0.4056300813008131,0.7727032520325203,0.3150958923894828,0.5207896233392578,14.08,5.461280487804879,14.725609756097562,2.176829268292683,6.532621951219514,1.1951219512195124,3.628048780487805,0.9795731707317076,3.459451219512196,0.2134146341463415,0.853658536585366,0.1707317073170731,0.6402439024390244,0.0426829268292682,0.2987804878048781,0.2560975609756097,0.9390243902439024,0.5954268292682928,2.520426829268293,2.343292682926829,6.957317073170732,0.1280487804878048,0.7682926829268293,0.339329268292683,1.2399390243902444,0.1738504848295276,0.4595634095634096,0.2352941176470588,0.7857142857142857,9.0,20.0
morrima02,10.07430894308943,5.347601626016261,2.642215447154472,1.7515650406504066,0.3266666666666666,0.2778658536585366,0.7621747967479675,0.988536585365854,2.004105691056911,5.847418699186992,0.5177439024390244,0.6947357723577235,0.3441700243876828,0.7462534943580924,28.54,6.69908536585366,14.089634146341464,3.1158536585365857,7.557012195121953,1.5750000000000002,3.7155487804878056,1.024390243902439,2.6463414634146343,0.1280487804878048,0.5548780487804879,0.1280487804878048,0.4716463414634151,0.4246951219512196,1.154573170731708,0.5975609756097562,1.451219512195122,1.0670731707317074,3.1158536585365857,3.628048780487805,8.58140243902439,0.2134146341463415,0.853658536585366,0.3414634146341463,1.0670731707317074,0.2221825396825396,0.4792824074074074,0.5,1.0,22.0,36.05000000000001
niangge01,43.18032520325204,32.62782520325203,11.20939024390244,4.561239837398374,1.5818292682926829,0.8610569105691058,3.4861991869918705,7.064878048780488,11.6725,25.616727642276427,2.254227642276423,3.1532723577235773,0.4556432098052289,0.715637755648547,77.88666666666667,39.81890243902439,47.1689024390244,27.78658536585366,37.30487804878049,9.347560975609756,13.020426829268294,3.713414634146342,5.335365853658537,1.2378048780487805,1.9634146341463417,0.5548780487804879,1.152439024390244,2.774390243902439,4.140243902439025,5.93079268292683,8.237804878048781,9.729573170731708,13.701219512195124,22.451219512195124,28.900609756097563,1.6219512195121952,2.904573170731708,2.4734756097560977,3.971646341463415,0.3941265481744843,0.5138466542803733,0.6065573770491803,0.822590853409555,74.0,81.0
nixda01,4.857886178861789,1.8430487804878048,1.344369918699187,1.2831910569105691,0.2896747967479675,0.0204878048780487,1.2786382113821138,0.3171341463414634,0.6551829268292684,1.6983536585365853,0.4678048780487805,0.9117073170731708,0.3863751503371896,0.5123886245777602,22.51333333333333,3.071036585365854,6.871951219512195,0.8109756097560976,2.904573170731708,0.7256097560975611,2.0082317073170737,0.7256097560975611,1.920731707317073,0.1280487804878048,0.5121951219512195,0.0,0.0853658536585365,0.7256097560975611,1.878048780487805,0.1280487804878048,0.5548780487804879,0.2134146341463415,1.2378048780487805,0.8109756097560976,2.6463414634146343,0.1707317073170731,0.853658536585366,0.5121951219512195,1.4085365853658538,0.1713677811550152,0.6333333333333333,0.25,0.7696581196581198,16.0,29.0
nowelja01,16.79530487804878,10.233516260162602,3.0681910569105693,2.514878048780488,0.4212804878048781,0.516890243902439,1.118719512195122,1.106910569105691,4.0339634146341465,10.067479674796749,0.9572357723577238,1.5158130081300814,0.4007411242638519,0.6331485269051778,25.24,11.60548780487805,21.9859756097561,6.483536585365854,14.43536585365854,1.878048780487805,4.609756097560976,1.5365853658536586,3.542682926829269,0.2134146341463415,0.6402439024390244,0.2560975609756097,0.8109756097560976,0.6807926829268294,1.6219512195121952,0.6402439024390244,1.6219512195121952,2.432926829268293,5.809146341463416,6.741768292682927,13.532621951219513,0.5121951219512195,1.5814024390243908,0.8963414634146342,2.264329268292683,0.3041136042045684,0.4959725044450089,0.4193548387096774,0.8261619190404798,19.0,32.0
okekech01,13.988333333333332,7.482317073170733,6.297439024390244,1.945060975609756,0.8129674796747969,0.5913008130081301,0.7977439024390246,1.659512195121951,2.829451219512196,6.118170731707317,0.5015243902439025,0.842418699186992,0.4617035254909954,0.5923446949678275,29.26333333333333,9.59939024390244,18.182926829268293,4.607621951219513,10.542682926829269,3.967378048780488,8.794817073170732,1.1097560975609757,2.7765243902439027,0.426829268292683,1.1972560975609765,0.3414634146341463,0.8963414634146342,0.4695121951219512,1.1951219512195124,0.9817073170731708,2.3923780487804884,1.579268292682927,4.310975609756098,3.969512195121952,8.414939024390245,0.2134146341463415,0.853658536585366,0.426829268292683,1.2378048780487805,0.3305602716468591,0.594864864864865,0.3595,0.8148148148148148,22.0,36.0
queentr01,13.332012195121951,6.590243902439024,2.7716869918699185,1.9789227642276424,1.2278455284552847,0.7358536585365854,1.1039227642276424,0.9383130081300812,2.204857723577236,6.020284552845529,1.0357723577235771,1.4207723577235774,0.3658189387752436,0.7298888088757567,28.76,8.739329268292684,18.407012195121958,3.709146341463415,9.603658536585366,1.579268292682927,4.01219512195122,1.1097560975609757,3.073170731707317,0.6402439024390244,1.8353658536585369,0.3414634146341463,1.1097560975609757,0.5975609756097562,1.6667682926829277,0.4695121951219512,1.453353658536586,1.024390243902439,3.542682926829269,3.5832317073170734,8.794817073170732,0.5548780487804879,1.6219512195121952,0.853658536585366,2.0935975609756103,0.2221766848816029,0.5002747252747254,0.5294117647058824,0.8930418719211823,22.0,36.0
quinole01,12.290548780487804,8.305528455284554,2.4471544715447155,2.1786788617886184,0.3896951219512195,0.1666056910569106,1.5575,1.4443902439024392,2.8066869918699187,6.94209349593496,1.2702439024390246,1.8693699186991872,0.4014017926680297,0.6805246411362131,26.16333333333333,7.766158536585366,16.780792682926833,4.695121951219512,12.168902439024391,1.3231707317073171,3.5875000000000004,1.0670731707317074,3.207621951219514,0.1707317073170731,0.6402439024390244,0.0426829268292682,0.3414634146341463,0.853658536585366,2.307012195121952,0.7682926829268293,2.176829268292683,1.2356707317073172,4.609756097560976,3.884146341463415,10.290853658536587,0.6807926829268294,2.091463414634146,1.0222560975609756,2.817073170731708,0.2591995221027479,0.5331142614291786,0.4791213768115942,0.8518518518518519,18.0,35.0
reddica01,17.187418699186992,9.429369918699187,4.24069105691057,1.923577235772358,2.0652845528455286,0.7478048780487805,1.2565853658536583,1.3664227642276423,3.312337398373984,7.768719512195121,1.483231707317073,2.3341869918699185,0.4248804655797963,0.6337850989217821,42.763333333333335,13.259451219512195,20.918902439024397,6.18689024390244,12.807012195121953,3.030487804878049,5.38018292682927,1.2378048780487805,2.6463414634146343,1.451219512195122,2.731707317073171,0.4673780487804879,1.0670731707317074,0.7682926829268293,1.7926829268292683,0.8963414634146342,1.878048780487805,1.920731707317073,4.654573170731708,5.41859756097561,10.246036585365854,0.853658536585366,2.221646341463415,1.5771341463414634,3.246036585365854,0.3054563492063492,0.5458854166666667,0.4712442396313364,0.7974324324324324,36.0,50.0
rhodeja01,11.066260162601628,7.968475609756098,3.30479674796748,1.1777642276422766,0.6860569105691058,0.494979674796748,0.7142276422764228,1.0222560975609756,2.7883333333333336,5.954837398373984,1.1460365853658538,1.5297560975609756,0.466855413738672,0.7487108333086906,21.99,6.357621951219513,15.801219512195123,4.095426829268293,12.380182926829267,1.4939024390243902,5.087804878048783,0.5121951219512195,1.878048780487805,0.2987804878048781,1.1097560975609757,0.2134146341463415,0.8109756097560976,0.3414634146341463,1.1097560975609757,0.4695121951219512,1.5814024390243908,1.192987804878049,4.609756097560976,2.985670731707317,9.178963414634149,0.4673780487804879,1.878048780487805,0.7256097560975611,2.347560975609756,0.3146289433527451,0.6243501335226312,0.5170935960591133,0.92703952901598,15.0,29.0
richajo01,16.714918699186995,8.976930894308943,2.8253252032520324,2.7009756097560977,1.4754065040650406,0.3908333333333333,1.5195121951219512,1.623658536585366,3.189268292682927,8.21560975609756,1.1725,1.3908943089430894,0.3893991448951737,0.8433406639933134,32.56333333333333,12.420731707317074,21.902743902439028,5.8881097560975615,12.56158536585366,1.7926829268292683,4.01219512195122,1.7478658536585368,3.713414634146342,0.8109756097560976,2.176829268292683,0.2134146341463415,0.5975609756097562,0.9390243902439024,2.1341463414634148,0.9817073170731708,2.307012195121952,1.9634146341463417,4.61189024390244,5.8881097560975615,10.926829268292684,0.7234756097560977,1.7926829268292683,0.853658536585366,2.050914634146342,0.2830265486725664,0.5,0.7037037037037037,0.9615384615384616,25.950000000000003,40.0
roziete01,56.14924796747968,35.80784552845529,10.025934959349597,9.58829268292683,2.2132520325203253,0.9040243902439026,4.001951219512195,5.173455284552846,13.25247967479675,31.79237804878049,5.227662601626017,6.616849593495936,0.4167064308190389,0.7901907155225162,62.943333333333335,48.018292682926834,64.19939024390244,28.670121951219517,42.70000000000001,8.19298780487805,11.78048780487805,7.723475609756099,11.652439024390244,1.6646341463414636,2.859756097560976,0.5975609756097562,1.2378048780487805,2.9878048780487805,5.121951219512195,3.92469512195122,6.319207317073172,10.325,16.390243902439025,26.115548780487806,37.742378048780495,4.01219512195122,6.445121951219512,5.164634146341464,8.067073170731708,0.3617498230714791,0.4739356681569796,0.7095831587767072,0.8651124744376278,57.0,69.0
ryanma01,5.04369918699187,4.996463414634147,1.282479674796748,0.6667073170731707,0.267479674796748,0.0132317073170731,0.7052642276422764,1.2654065040650406,1.636605691056911,3.962540650406504,0.5572967479674796,0.6857723577235773,0.4139572327318941,0.8121645962939456,30.293333333333333,3.3719512195121952,6.829268292682928,2.8981707317073173,7.264634146341466,0.6807926829268294,1.9228658536585368,0.3414634146341463,1.024390243902439,0.0853658536585365,0.4695121951219512,0.0,0.0426829268292682,0.3414634146341463,1.152439024390244,0.6829268292682927,1.8353658536585369,0.8515243902439026,2.60579268292683,2.4734756097560977,5.595731707317074,0.2560975609756097,0.8963414634146342,0.3841463414634146,1.0670731707317074,0.2383702104695089,0.5922509888529306,0.6105555555555556,1.0,23.0,36.05000000000001
simmobe01,33.00243902439025,10.600447154471546,10.676138211382112,10.41349593495935,1.752418699186992,1.1316666666666666,3.79209349593496,0.0,4.678333333333334,8.693516260162601,1.1596951219512197,2.167154471544716,0.5378536695200233,0.5377900035862035,43.07333333333333,26.077134146341464,39.53292682926829,7.808841463414635,13.83140243902439,8.109756097560975,13.276524390243903,7.804573170731708,13.489939024390244,1.2378048780487805,2.347560975609756,0.7256097560975611,1.6219512195121952,2.731707317073171,4.910670731707318,0.0,0.0,3.2439024390243905,6.233841463414636,6.485670731707318,10.969512195121952,0.6402439024390244,1.752134146341464,1.363719512195122,2.9878048780487805,0.4428571428571428,0.6301425120772948,0.3701445347786811,0.7144688644688645,36.0,50.0
smithja04,38.81400406504065,26.795914634146342,15.543983739837396,3.120691056910569,1.1086178861788618,2.221219512195122,2.4727642276422768,2.79630081300813,10.135630081300814,18.58400406504065,3.779146341463414,5.713109756097562,0.5453588569467033,0.6620819082985002,63.61666666666667,33.76006097560976,44.14268292682927,21.93689024390244,31.59817073170732,12.676829268292684,18.26829268292683,2.432926829268293,3.928963414634147,0.8088414634146343,1.4939024390243902,1.6219512195121952,2.7765243902439027,1.9634146341463417,3.073170731707317,2.2195121951219514,3.414634146341464,8.109756097560975,12.3375,15.649695121951222,21.601829268292683,2.729573170731708,4.7804878048780495,4.353658536585366,7.002134146341465,0.4813897525183435,0.6095741589084281,0.552376195233338,0.7557767691355478,58.0,70.0
sprinja01,12.287703252032522,6.781321138211382,3.1027642276422767,1.84959349593496,1.560060975609756,0.4796138211382114,1.0904065040650406,0.6539024390243903,2.4336382113821142,5.558028455284553,1.4018495934959352,2.1566260162601627,0.4370596951897081,0.6519765827874583,44.09333333333333,9.048780487804878,15.880182926829267,4.609756097560976,9.26646341463415,2.048780487804878,4.2320121951219525,1.2378048780487805,2.5631097560975613,0.9817073170731708,2.1362804878048784,0.2560975609756097,0.7256097560975611,0.6829268292682927,1.5365853658536586,0.3841463414634146,0.9390243902439024,1.3658536585365857,3.628048780487805,3.66859756097561,7.514329268292684,0.853658536585366,2.048780487804878,1.4064024390243903,2.9878048780487805,0.2871990320629159,0.5702769784172662,0.4847996089931574,0.804201680672269,37.0,51.0
stevela01,13.53418699186992,9.988943089430895,4.619857723577237,1.1473170731707318,0.769288617886179,0.6255894308943091,1.1729268292682926,0.9959349593495934,3.73560975609756,8.342520325203253,1.1939837398373985,1.8467479674796747,0.4473431897879964,0.6451041031463045,34.86,9.68689024390244,18.315243902439025,6.359756097560976,14.341463414634148,3.028353658536586,6.489939024390245,0.7256097560975611,1.6646341463414636,0.426829268292683,1.152439024390244,0.3414634146341463,0.9817073170731708,0.7234756097560977,1.707317073170732,0.5548780487804879,1.453353658536586,2.1341463414634148,5.764329268292684,5.1625000000000005,11.79115853658537,0.5975609756097562,1.8353658536585369,1.1097560975609757,2.689024390243903,0.322532014913276,0.5965424221201981,0.4402113970588235,0.8207152496626181,28.0,42.0
swideco01,7.177418699186992,4.850772357723578,2.052337398373984,0.6388211382113821,0.2501219512195122,0.147540650406504,0.5759349593495935,1.2769308943089432,1.7152845528455285,4.719166666666666,0.0705691056910569,0.1535162601626016,0.36531101145759,0.4749084249084249,19.916666666666668,4.38780487804878,10.841463414634148,2.5140243902439026,7.516463414634147,1.148170731707317,3.2439024390243905,0.2987804878048781,1.024390243902439,0.0853658536585365,0.426829268292683,0.0426829268292682,0.2987804878048781,0.2560975609756097,0.9390243902439024,0.6807926829268294,2.0082317073170737,0.7256097560975611,2.8192073170731717,2.603658536585366,7.0085365853658566,0.0,0.1707317073170731,0.0426829268292682,0.2987804878048781,0.2306593406593406,0.5042789529604945,0.0,1.0,14.0,27.0
taylote01,2.381707317073171,1.323739837398374,1.1807520325203251,0.9256504065040652,0.0984552845528455,0.0692886178861788,0.2666260162601626,0.0581910569105691,0.5871747967479675,1.2945731707317074,0.1458333333333333,0.2519715447154471,0.4542468227791475,0.5813733129615483,23.17333333333333,1.2783536585365851,3.630182926829269,0.5548780487804879,2.2195121951219514,0.5975609756097562,1.9228658536585368,0.4695121951219512,1.4085365853658538,0.0,0.2134146341463415,0.0,0.1707317073170731,0.0853658536585365,0.4695121951219512,0.0,0.1707317073170731,0.2134146341463415,1.152439024390244,0.6402439024390244,2.1341463414634148,0.0426829268292682,0.2987804878048781,0.0853658536585365,0.426829268292683,0.2068081343943413,0.7146825396825398,0.1243055555555555,1.0,16.0,30.0
theisda01,20.15459349593496,10.248455284552849,7.90459349593496,2.8512195121951223,0.8925000000000002,1.4513617886178862,1.3819308943089432,0.7197764227642277,4.029552845528456,8.107479674796748,1.4567682926829268,2.337317073170732,0.4967132603566483,0.6219487561097179,44.03666666666667,16.04878048780488,24.414634146341463,7.294512195121952,13.242378048780491,5.589329268292683,10.115853658536588,2.048780487804878,3.8435975609756095,0.5548780487804879,1.2378048780487805,0.9817073170731708,2.0082317073170737,0.8963414634146342,1.878048780487805,0.4246951219512196,1.024390243902439,2.6463414634146343,5.593597560975611,5.932926829268293,10.502134146341463,0.8963414634146342,2.091463414634146,1.6198170731707318,3.158536585365854,0.3982510700909578,0.6061058344640434,0.4610805860805861,0.7826674500587545,36.0,51.05000000000001
thomptr01,12.37378048780488,5.317154471544715,8.031077235772358,1.8777642276422768,0.4227032520325203,0.7526422764227643,1.156849593495935,0.0,2.312845528455285,4.619573170731708,0.8213617886178862,2.362357723577236,0.4995158459526887,0.3489905591045462,46.196666666666665,9.17469512195122,15.796951219512197,3.796646341463415,6.918902439024391,5.335365853658537,10.689939024390249,1.3210365853658537,2.5609756097560976,0.2134146341463415,0.6402439024390244,0.4695121951219512,1.0692073170731713,0.6829268292682927,1.6240853658536591,0.0,0.0,1.3231707317073171,3.331402439024391,3.2439024390243905,6.238109756097563,0.3841463414634146,1.3679878048780494,1.4490853658536589,3.374085365853659,0.3443790849673203,0.642888198757764,0.1950432730133753,0.5162485065710872,39.95,53.05000000000001
thorjt01,14.24087398373984,7.855508130081301,5.289268292682928,1.095386178861789,0.9531097560975612,1.095386178861789,1.0777439024390243,1.0095934959349593,2.925487804878049,6.661808943089432,1.20479674796748,2.0406707317073174,0.43919230030187,0.5898084524220512,43.92333333333333,10.839329268292683,17.886280487804882,5.8048780487804885,10.25457317073171,3.66859756097561,7.044817073170733,0.6829268292682927,1.5387195121951225,0.5548780487804879,1.3679878048780494,0.6402439024390244,1.5365853658536586,0.6807926829268294,1.5365853658536586,0.6402439024390244,1.451219512195122,1.8353658536585369,4.187195121951221,4.695121951219512,8.8375,0.7256097560975611,1.7948170731707322,1.3658536585365857,2.8192073170731717,0.3310105435105435,0.5515590484282072,0.4059375,0.75,37.0,51.0
tuckepj01,7.713943089430895,4.1051016260162605,4.3358739837398375,0.5067886178861788,0.6859146341463415,0.5060772357723576,0.5598577235772358,1.2329674796747967,1.4308739837398374,3.3567276422764225,0.1277642276422764,0.2000406504065041,0.4281617220871954,0.6383926133926133,28.856666666666666,5.164634146341464,10.29298780487805,2.4307926829268296,6.107926829268294,2.68689024390244,6.148475609756098,0.2560975609756097,0.853658536585366,0.3414634146341463,1.0670731707317074,0.2560975609756097,0.7682926829268293,0.2987804878048781,0.8557926829268299,0.6829268292682927,1.752134146341464,0.7234756097560977,2.2621951219512195,1.99969512195122,4.7804878048780495,0.0,0.2560975609756097,0.0832317073170732,0.3414634146341463,0.2702182952182952,0.5960529205094423,0.2,1.0,22.0,36.0
vanvlfr01,77.35924796747967,42.88168699186993,10.397560975609755,17.492743902439027,4.482418699186992,1.9234349593495932,4.5774593495934965,7.876991869918699,14.217256097560975,36.21973577235772,6.774065040650408,8.53459349593496,0.3925398606645049,0.793925136954023,65.11666666666666,68.23506097560976,86.61006097560977,36.0564024390244,49.77896341463416,8.747865853658537,12.166768292682928,14.682926829268292,20.23384146341464,3.5405487804878053,5.50609756097561,1.451219512195122,2.432926829268293,3.628048780487805,5.550914634146342,6.317073170731708,9.347560975609756,11.567073170731708,16.902439024390244,30.72530487804878,41.32134146341464,5.25,8.323170731707318,6.701219512195123,10.461585365853662,0.3461701985078405,0.4371172938920538,0.7305279372636886,0.8542657342657343,59.0,70.0
walkelo01,31.298678861788623,23.259918699186997,5.530284552845529,3.9017886178861794,1.1989634146341464,0.7167886178861789,2.1809552845528457,4.1987195121951215,8.02808943089431,19.038150406504062,2.437906504065041,3.395142276422765,0.4214948442907033,0.7170483296114682,41.27333333333333,24.26737804878049,38.5469512195122,16.840548780487804,30.10426829268293,4.01219512195122,7.213414634146342,2.774390243902439,4.993902439024391,0.8088414634146343,1.6240853658536591,0.3841463414634146,1.0670731707317074,1.5365853658536586,2.8618902439024394,2.9878048780487805,5.3396341463414645,5.461280487804879,10.670731707317074,13.825,24.034756097560976,1.491768292682927,3.457317073170732,2.2621951219512195,4.61189024390244,0.3473173966897816,0.4891432315962504,0.5918223627479161,0.8333333333333334,34.0,49.0
willije02,8.485365853658537,5.923536585365853,1.6398780487804878,1.001910569105691,0.6201829268292683,0.3297967479674796,0.9242276422764228,0.4040650406504065,2.592276422764228,5.049247967479674,0.4835975609756098,0.8695934959349594,0.5116606968863889,0.5580552266220218,25.08,5.41859756097561,11.739939024390244,3.495731707317073,8.965548780487806,0.8963414634146342,2.475609756097561,0.5121951219512195,1.6219512195121952,0.2987804878048781,0.9838414634146349,0.1280487804878048,0.5548780487804879,0.4695121951219512,1.4085365853658538,0.1707317073170731,0.6423780487804883,1.2356707317073172,4.225609756097561,2.9024390243902443,7.473780487804879,0.2134146341463415,0.8109756097560976,0.4695121951219512,1.3231707317073171,0.3571074964639321,0.6744595904865112,0.3432291666666667,0.8,19.0,32.0
wrighde01,22.02069105691057,9.325650406504064,4.339857723577236,5.242032520325204,2.5235569105691056,0.8136788617886179,1.231260162601626,1.3963008130081302,3.36,8.188150406504064,1.469288617886179,2.273008130081301,0.4120059003507339,0.6466526365588217,47.14,16.637804878048783,27.895426829268303,6.6051829268292686,12.76219512195122,3.030487804878049,5.721646341463416,3.751829268292683,7.002134146341465,1.707317073170732,3.3719512195121952,0.5121951219512195,1.152439024390244,0.8109756097560976,1.6646341463414636,0.9390243902439024,1.920731707317073,2.17469512195122,4.695121951219512,5.847560975609756,10.84359756097561,0.8942073170731708,2.176829268292683,1.4939024390243902,3.160670731707317,0.3024619580821131,0.5141533732136923,0.4894440534834623,0.8002777777777779,40.0,54.0
batesem01,5.867052845528455,4.801402439024391,1.2346747967479677,0.8980487804878049,0.1271951219512195,0.1577845528455284,0.6014024390243903,1.3059552845528457,1.5846747967479675,4.50119918699187,0.0655894308943089,0.185670731707317,0.3532878547278151,0.3562766869080862,19.93,3.4125000000000005,8.538719512195122,2.046646341463415,7.813109756097562,0.5527439024390245,2.0957317073170745,0.4246951219512196,1.4939024390243902,0.0426829268292682,0.2560975609756097,0.0426829268292682,0.2987804878048781,0.2539634146341464,1.0670731707317074,0.5975609756097562,2.091463414634146,0.5121951219512195,2.9451219512195124,1.9612804878048784,7.044817073170733,0.0,0.1707317073170731,0.0426829268292682,0.3414634146341463,0.196562665256478,0.5391753816564492,0.0,1.0,13.0,27.0
cartodj01,3.110589430894309,1.1215650406504063,0.7139430894308944,0.6319918699186992,0.3704878048780488,0.0,0.5894512195121951,0.0818089430894308,0.3538414634146342,1.201239837398374,0.3451626016260163,0.471930894308943,0.2945591541724518,0.728666070695755,13.14,1.579268292682927,4.782621951219514,0.4695121951219512,2.048780487804878,0.2987804878048781,1.1951219512195124,0.2134146341463415,1.1097560975609757,0.1685975609756098,0.6402439024390244,0.0,0.0,0.2134146341463415,1.0670731707317074,0.0,0.1707317073170731,0.0853658536585365,0.6829268292682927,0.5527439024390245,2.00609756097561,0.0853658536585365,0.6402439024390244,0.2112804878048781,0.8131097560975615,0.0965866466616654,0.5390384615384617,0.4158333333333334,1.0,8.950000000000001,19.0
councri01,30.55713414634146,22.15428861788618,8.05341463414634,3.412784552845529,1.474979674796748,0.52869918699187,1.817723577235772,2.1039837398373984,6.951341463414635,16.945548780487808,5.705,7.766585365853658,0.4103020341474517,0.7347705555145132,59.91,25.09542682926829,35.73201219512195,17.79878048780488,27.66067073170732,6.058841463414635,10.07530487804878,2.518292682926829,4.35579268292683,1.024390243902439,1.920731707317073,0.2987804878048781,0.7704268292682932,1.2783536585365851,2.3902439024390247,1.5365853658536586,2.733841463414634,5.072865853658538,9.138414634146343,13.52408536585366,20.58810975609757,4.223475609756098,7.345731707317074,6.048170731707318,9.8234756097561,0.3220812182741117,0.4923265551857564,0.6439752266632613,0.8263989242132306,54.0,67.0
exumda01,21.484024390243903,14.489288617886178,3.512804878048781,4.726138211382114,1.147886178861789,0.2689024390243902,1.8689430894308945,1.947621951219512,5.260101626016261,10.560325203252033,1.8080487804878047,2.658008130081301,0.4976234316001751,0.6814304089181428,37.29666666666667,16.889634146341464,26.399390243902445,10.19908536585366,19.03658536585366,2.4307926829268296,4.61189024390244,3.3719512195121952,6.189024390243903,0.7682926829268293,1.5387195121951225,0.1280487804878048,0.426829268292683,1.3231707317073171,2.518292682926829,1.3658536585365857,2.6463414634146343,3.495731707317073,7.170731707317073,7.467378048780488,13.829268292682928,1.192987804878049,2.475609756097561,1.8759146341463413,3.5853658536585367,0.4137607252711672,0.5799301037453842,0.5477084390326399,0.8303459119496857,31.0,45.0
flaglad01,6.5183943089430905,3.249735772357724,1.0871341463414634,1.5862398373983742,0.3492886178861789,0.1089837398373983,0.1952032520325203,0.8017276422764228,1.2493292682926829,4.727987804878048,0.0515040650406504,0.112540650406504,0.2646714134572285,0.4513555787278415,30.53333333333333,4.353658536585366,8.752134146341463,1.9612804878048784,4.654573170731708,0.6402439024390244,1.6240853658536591,0.8963414634146342,2.347560975609756,0.1280487804878048,0.5975609756097562,0.0,0.2134146341463415,0.0426829268292682,0.3414634146341463,0.426829268292683,1.2378048780487805,0.5100609756097562,2.221646341463415,2.8576219512195125,6.5774390243902445,0.0,0.1280487804878048,0.0,0.2560975609756097,0.1387626262626262,0.4122852233676976,0.0,1.0,24.0,37.0
hoodsja01,12.87857723577236,6.743048780487805,1.9211585365853656,2.150365853658537,0.4409146341463414,0.4740650406504066,1.351910569105691,0.9156910569105692,2.4114430894308945,6.593943089430895,1.4354268292682926,2.024593495934959,0.366206123164926,0.7100343813484661,23.73333333333333,8.835365853658537,17.926829268292686,4.089024390243902,10.33140243902439,1.152439024390244,2.859756097560976,1.2804878048780488,3.077439024390245,0.2134146341463415,0.7256097560975611,0.2560975609756097,0.727743902439025,0.7682926829268293,2.048780487804878,0.5121951219512195,1.4085365853658538,1.3231707317073171,3.75609756097561,4.140243902439025,9.689024390243905,0.8109756097560976,2.2195121951219514,1.2378048780487805,3.030487804878049,0.2452074860412214,0.4735014708660567,0.5471611721611722,0.8545601173020527,17.0,30.0
jonesma05,3.0838414634146343,1.9540243902439025,0.9935162601626016,1.029939024390244,0.0776829268292682,0.0695731707317073,0.2087195121951219,0.2602235772357724,0.6615853658536586,1.5279065040650408,0.321829268292683,0.5063617886178863,0.4379338538111773,0.6392638933223939,16.97,1.8353658536585369,4.61189024390244,0.8942073170731708,3.158536585365854,0.426829268292683,1.6240853658536591,0.4673780487804879,1.6667682926829277,0.0,0.1707317073170731,0.0,0.1707317073170731,0.0426829268292682,0.3841463414634146,0.0853658536585365,0.4695121951219512,0.2560975609756097,1.2399390243902444,0.7682926829268293,2.3902439024390247,0.0853658536585365,0.5975609756097562,0.2134146341463415,0.853658536585366,0.2068081343943413,0.7002941176470588,0.2992857142857142,0.9335416666666668,11.0,23.0
lewisma05,11.3185162601626,6.20979674796748,2.664837398373984,1.29869918699187,0.583191056910569,0.4238414634146341,1.4519308943089433,0.9646341463414634,2.610630081300813,6.245650406504066,0.5022357723577237,0.8159552845528456,0.4172653165703696,0.6102924084695119,35.02,7.93689024390244,14.857926829268296,3.92469512195122,8.882317073170734,1.7500000000000002,3.75609756097561,0.853658536585366,1.8353658536585369,0.2987804878048781,0.8963414634146342,0.2134146341463415,0.6423780487804883,0.9390243902439024,2.00609756097561,0.5548780487804879,1.4106707317073175,1.3231707317073171,4.057012195121952,3.92469512195122,8.75,0.1707317073170731,0.853658536585366,0.426829268292683,1.2378048780487805,0.2662918827283606,0.5562188877826767,0.3681818181818181,0.818652037617555,28.0,43.0
micicva01,31.1985162601626,16.14581300813008,4.622845528455285,8.35319105691057,1.1397764227642275,0.0808130081300813,4.2527845528455295,2.50719512195122,5.673983739837399,14.88367886178862,2.137276422764228,2.9701626016260163,0.381588212901786,0.7196201065824236,50.306666666666665,25.1359756097561,37.181097560975616,11.991768292682927,20.24451219512196,3.327134146341464,5.935060975609757,6.227439024390245,10.630182926829267,0.7256097560975611,1.579268292682927,0.0,0.1707317073170731,3.199085365853659,5.508231707317075,1.7500000000000002,3.2865853658536586,3.92469512195122,7.59969512195122,11.609756097560975,18.95548780487805,1.451219512195122,2.8618902439024394,2.046646341463415,3.841463414634146,0.2948848308777754,0.4707833961755993,0.5872698412698413,0.8507621467132424,43.0,57.0
mooreta02,6.079613821138212,2.3060162601626017,2.017052845528456,0.5868902439024392,0.6043902439024391,0.0,0.5389430894308943,0.2777235772357724,0.9718902439024392,3.283170731707317,0.2889634146341463,0.5752235772357724,0.2964218002467947,0.4897519213676565,11.966666666666669,2.7189024390243905,9.821341463414637,0.7682926829268293,4.097560975609756,0.8109756097560976,3.374085365853659,0.1707317073170731,1.1097560975609757,0.2134146341463415,1.0692073170731713,0.0,0.0,0.1707317073170731,0.9390243902439024,0.0853658536585365,0.5143292682926834,0.2134146341463415,1.920731707317073,1.3231707317073171,5.634146341463415,0.0426829268292682,0.6402439024390244,0.2112804878048781,1.0670731707317074,0.1066637630662021,0.4947802197802198,0.1410714285714285,0.8333333333333334,7.0,17.0
sanogad01,3.4556097560975614,2.912825203252033,2.6430691056910574,0.2293495934959349,0.0439634146341463,0.0,0.3684959349593496,0.0,1.3576016260162602,2.554715447154472,0.4605487804878049,0.793760162601626,0.5446107573193453,0.5829077463196017,14.896666666666668,1.6603658536585368,5.68109756097561,0.9390243902439024,5.593597560975611,0.9368902439024392,4.61189024390244,0.0426829268292682,0.426829268292683,0.0,0.1280487804878048,0.0,0.0,0.1280487804878048,0.6423780487804883,0.0,0.0,0.426829268292683,2.648475609756098,0.9795731707317076,4.609756097560976,0.0853658536585365,0.9817073170731708,0.2539634146341464,1.5365853658536586,0.2580184331797235,0.8337719298245615,0.2169868554095045,0.9,9.95,21.0
willibr03,18.21735772357724,12.651930894308943,2.747215447154472,3.585508130081301,0.9144105691056912,0.2558130081300813,1.7647967479674798,1.056971544715447,4.558536585365854,9.521707317073172,2.4515650406504066,3.403536585365853,0.4787234837370051,0.7203947235345136,33.196666666666665,13.314939024390243,24.075304878048783,8.146036585365854,17.504268292682926,1.707317073170732,3.75609756097561,2.3902439024390247,4.951219512195122,0.5548780487804879,1.3231707317073171,0.0853658536585365,0.426829268292683,1.192987804878049,2.3923780487804884,0.6402439024390244,1.579268292682927,2.68689024390244,6.788719512195123,6.014024390243903,13.231707317073171,1.4064024390243903,3.628048780487805,2.091463414634146,4.86798780487805,0.3620411349682448,0.5959873887345004,0.5709273182957393,0.8633333333333334,26.0,40.0
wongis01,8.632337398373984,5.412052845528455,1.117439024390244,0.98640243902439,0.3605284552845529,0.0,0.5913008130081301,0.4791869918699187,2.3238008130081305,6.00819105691057,0.7463821138211383,1.233678861788618,0.3868105419491023,0.6081970589795901,21.2,5.378048780487806,11.823170731707318,3.158536585365854,7.857926829268294,0.4695121951219512,1.707317073170732,0.4695121951219512,1.5365853658536586,0.1707317073170731,0.5570121951219518,0.0,0.0,0.2966463414634147,0.9411585365853664,0.2134146341463415,0.8109756097560976,1.0670731707317074,3.418902439024392,3.6237804878048783,8.412804878048782,0.339329268292683,1.2804878048780488,0.5975609756097562,1.9634146341463417,0.2769256756756756,0.5246505376344087,0.3333333333333333,0.8240196078431373,14.0,28.0
armeltr01,4.081199186991871,1.40739837398374,1.4719918699186991,0.1195121951219512,0.3882723577235772,0.2263617886178862,0.3646544715447155,0.0,0.6487804878048781,1.790548780487805,0.3639430894308943,0.9468495934959352,0.3609756311269594,0.381077117481791,17.03,2.2195121951219514,6.148475609756098,0.6402439024390244,2.2621951219512195,0.6829268292682927,2.3923780487804884,0.0,0.2560975609756097,0.1685975609756098,0.6829268292682927,0.0853658536585365,0.426829268292683,0.1280487804878048,0.6402439024390244,0.0,0.0,0.2112804878048781,1.2399390243902444,0.9390243902439024,2.7765243902439027,0.0426829268292682,0.8109756097560976,0.426829268292683,1.6240853658536591,0.1612615207373272,0.5860975609756098,0.1195555555555555,0.6821022727272728,11.0,24.0
baglema02,13.47002032520325,5.722073170731707,5.722642276422765,1.038760162601626,0.8764227642276423,1.0222560975609756,0.6200406504065041,0.6830691056910569,2.1332926829268293,5.576951219512196,0.6237398373983741,0.8956300813008132,0.3819662916526986,0.6968494065007947,18.45,8.741463414634147,19.977743902439027,2.8576219512195125,8.71158536585366,3.457317073170732,8.752134146341463,0.4695121951219512,1.7500000000000002,0.4695121951219512,1.4106707317073175,0.5548780487804879,1.6219512195121952,0.2987804878048781,0.9817073170731708,0.2987804878048781,1.1097560975609757,1.0222560975609756,3.459451219512196,3.329268292682927,8.453353658536585,0.2987804878048781,1.0692073170731713,0.426829268292683,1.451219512195122,0.2616062609224223,0.5229794670161643,0.4703921568627451,0.8888888888888888,13.0,25.0
baughda01,17.65067073170732,6.908231707317072,3.29369918699187,3.530447154471545,1.1282520325203254,0.1600609756097561,2.0051016260162604,0.8182317073170733,2.6638414634146343,8.063089430894308,0.905020325203252,1.2096341463414635,0.3302175954039859,0.7492242556351683,21.93,11.904268292682929,23.7359756097561,4.353658536585366,9.52256097560976,1.9612804878048784,4.614024390243904,2.2600609756097563,4.870121951219513,0.6402439024390244,1.707317073170732,0.0426829268292682,0.2987804878048781,1.1076219512195122,2.859756097560976,0.426829268292683,1.1951219512195124,1.451219512195122,3.928963414634147,5.077134146341464,11.227743902439023,0.4695121951219512,1.4085365853658538,0.6829268292682927,1.7926829268292683,0.2398497109826589,0.4210567592257443,0.542797619047619,0.9293650793650796,15.0,28.05000000000001
beekmre01,14.801300813008131,5.688353658536586,2.2852439024390248,3.6670325203252023,1.9518902439024388,0.121930894308943,1.278638211382114,0.4409146341463416,2.0856300813008133,5.920264227642277,1.0290853658536585,1.5427032520325206,0.3526206927161204,0.6657059872900455,40.01,11.007926829268294,19.335365853658537,3.66859756097561,7.56128048780488,1.491768292682927,3.158536585365854,2.388109756097561,5.207317073170732,1.3210365853658537,2.603658536585366,0.0,0.2560975609756097,0.8109756097560976,1.8353658536585369,0.2134146341463415,0.6402439024390244,1.1097560975609757,3.2439024390243905,3.922560975609757,8.109756097560975,0.5121951219512195,1.5814024390243908,0.8963414634146342,2.221646341463415,0.2178743293323745,0.4810360993905297,0.4736111111111111,0.8462989840348332,33.0,48.0
bridgja01,1.3934552845528454,1.035060975609756,0.4790447154471546,0.0,0.0,0.0,0.4905691056910569,0.2394512195121951,0.2753048780487805,0.709390243902439,0.356260162601626,0.534390243902439,0.3886322429210764,0.669737637988311,16.873333333333335,0.6829268292682927,2.050914634146342,0.5100609756097562,1.6646341463414636,0.1707317073170731,0.8109756097560976,0.0,0.0,0.0,0.0,0.0,0.0,0.2134146341463415,0.853658536585366,0.0853658536585365,0.426829268292683,0.0853658536585365,0.5121951219512195,0.3414634146341463,1.152439024390244,0.0853658536585365,0.6402439024390244,0.2134146341463415,0.8963414634146342,0.1496428571428571,0.625,0.3519607843137255,1.0,11.0,22.0
brookke02,14.962073170731706,10.15739837398374,4.1502032520325205,0.9451422764227644,0.8101219512195122,0.8116869918699187,0.9716056910569106,1.1114634146341464,3.73660569105691,7.72048780487805,1.5802642276422765,2.284817073170732,0.482384111702939,0.692286674453534,22.406666666666663,9.684756097560976,20.70975609756098,6.263719512195122,13.829268292682928,2.518292682926829,6.189024390243903,0.5121951219512195,1.3658536585365857,0.426829268292683,1.2378048780487805,0.426829268292683,1.2378048780487805,0.5548780487804879,1.451219512195122,0.5975609756097562,1.6646341463414636,2.176829268292683,5.591463414634147,5.0323170731707325,10.758231707317076,0.8942073170731708,2.475609756097561,1.3231707317073171,3.5000000000000004,0.3713186813186813,0.598963246855346,0.5102040816326531,0.847476050110538,16.950000000000003,29.0
chomcul01,1.6691869918699187,0.6312804878048781,0.8915040650406506,0.2620731707317074,0.0,0.147540650406504,0.2661991869918699,0.0,0.2610772357723578,0.5931504065040651,0.1730081300813008,0.3517073170731707,0.4329950766682084,0.4907380140378249,16.206666666666667,0.9390243902439024,2.5631097560975613,0.2560975609756097,1.0692073170731713,0.426829268292683,1.4939024390243902,0.0853658536585365,0.4695121951219512,0.0,0.0,0.0426829268292682,0.2987804878048781,0.0853658536585365,0.4695121951219512,0.0,0.0,0.0426829268292682,0.5121951219512195,0.2987804878048781,0.9817073170731708,0.0426829268292682,0.3841463414634146,0.1280487804878048,0.6402439024390244,0.1496428571428571,0.7149350649350651,0.1666666666666666,0.877083333333333,10.0,22.0
colliyu01,2.972154471544716,0.6167682926829269,0.7145121951219513,0.9775813008130084,0.4717886178861789,0.0,0.0,0.0,0.3454471544715447,0.8944918699186992,0.0,0.0,0.3925281167615361,,11.17,1.7478658536585368,4.313109756097562,0.2560975609756097,1.024390243902439,0.3841463414634146,1.1097560975609757,0.426829268292683,1.5365853658536586,0.2560975609756097,0.6829268292682927,0.0,0.0,0.0,0.0,0.0,0.0,0.0853658536585365,0.6850609756097567,0.3414634146341463,1.5365853658536586,0.0,0.0,0.0,0.0,0.125,0.667543859649123,,,6.0,16.0
cuiyo01,1.4456707317073172,0.6019715447154471,0.4713617886178862,0.0,0.0,0.0,0.0,0.0,0.3463008130081301,1.5290447154471545,0.2459959349593496,0.489430894308943,0.2242548552178954,0.4991910078246619,14.07,0.5954268292682928,2.307012195121952,0.1707317073170731,1.0670731707317074,0.1685975609756098,0.853658536585366,0.0,0.0,0.0,0.0,0.0,0.0,0.0,0.0,0.0,0.0,0.0426829268292682,0.7682926829268293,0.5548780487804879,2.648475609756098,0.0426829268292682,0.5121951219512195,0.1685975609756098,0.8963414634146342,0.0588235294117647,0.4375,0.1428571428571428,0.8006250000000001,9.0,20.0
ducasal01,4.046768292682928,2.900589430894309,2.145386178861789,0.3952439024390243,0.4589837398373984,0.0,0.3266666666666666,0.8363008130081301,0.9634959349593496,2.1940447154471547,0.2569512195121951,0.2569512195121951,0.4398102768196162,1.0,28.186666666666667,2.729573170731708,5.593597560975611,1.707317073170732,4.225609756097561,1.152439024390244,3.203353658536586,0.1707317073170731,0.6423780487804883,0.2134146341463415,0.7256097560975611,0.0,0.0,0.1280487804878048,0.5121951219512195,0.4695121951219512,1.2804878048780488,0.4695121951219512,1.5387195121951225,1.2378048780487805,3.073170731707317,0.0853658536585365,0.426829268292683,0.0853658536585365,0.426829268292683,0.2451400800457404,0.6297808012093727,1.0,1.0,21.0,35.0
edwarje01,0.2992073170731708,0.0,0.0,0.3697764227642277,0.0,0.0,0.0,0.0,0.0,0.0,0.0,0.0,,,11.12,0.1280487804878048,0.5121951219512195,0.0,0.0,0.0,0.0,0.1259146341463415,0.6402439024390244,0.0,0.0,0.0,0.0,0.0,0.0,0.0,0.0,0.0,0.0,0.0,0.0,0.0,0.0,0.0,0.0,,,,,6.0,16.0
garrema01,8.536585365853659,3.957560975609756,0.8711585365853659,1.824837398373984,0.6095121951219513,0.306178861788618,0.8954878048780489,0.4269715447154472,1.5522357723577238,3.763211382113821,0.4273983739837398,0.656178861788618,0.4105063243129925,0.6511330051333879,13.193333333333332,4.692987804878049,13.01829268292683,1.9634146341463417,6.276524390243903,0.426829268292683,1.3679878048780494,0.853658536585366,2.904573170731708,0.2134146341463415,1.0670731707317074,0.1280487804878048,0.5143292682926834,0.3841463414634146,1.4939024390243902,0.1707317073170731,0.7682926829268293,0.638109756097561,2.603658536585366,1.920731707317073,5.807012195121953,0.0853658536585365,0.8109756097560976,0.2560975609756097,1.1097560975609757,0.2726044226044226,0.5484325306678782,0.2857142857142857,0.909469696969697,8.0,19.0
gortmja01,3.3738008130081303,2.189634146341464,0.498678861788618,0.5659756097560976,0.2020325203252032,0.0988821138211382,0.5719512195121952,0.3642276422764227,0.903739837398374,2.0769512195121957,0.2465650406504065,0.4911382113821139,0.4361782918414001,0.5095234274243012,22.956666666666667,1.9634146341463417,4.865853658536586,1.152439024390244,3.3719512195121952,0.2560975609756097,0.8109756097560976,0.2560975609756097,0.8963414634146342,0.0426829268292682,0.3841463414634146,0.0,0.2134146341463415,0.2560975609756097,0.8984756097560981,0.1707317073170731,0.5975609756097562,0.339329268292683,1.6219512195121952,1.1097560975609757,3.160670731707317,0.0853658536585365,0.4695121951219512,0.2134146341463415,0.8152439024390254,0.2082107843137255,0.6503125000000001,0.2303418803418803,0.8333333333333334,17.0,30.0
gueyemo02,20.852743902439023,10.018821138211385,7.383719512195121,1.474837398373984,1.641016260162602,1.783719512195122,0.9071544715447156,1.225,3.6925,8.599613821138213,1.6182520325203251,2.3807113821138213,0.4289107868145265,0.6782841267882367,37.71333333333333,15.575,26.42286585365854,6.955182926829269,13.112195121951222,5.036585365853659,9.776524390243903,0.9795731707317076,2.048780487804878,1.024390243902439,2.432926829268293,1.2356707317073172,2.432926829268293,0.5548780487804879,1.2804878048780488,0.8088414634146343,1.6646341463414636,2.4307926829268296,4.910670731707318,6.314939024390244,11.189329268292685,0.9390243902439024,2.307012195121952,1.4939024390243902,3.2012195121951224,0.3371830080635736,0.5173052362707535,0.5151082251082251,0.8247619047619048,30.0,45.0
kelleky01,5.29140243902439,3.2236991869918703,3.5870731707317067,0.448739837398374,0.1111178861788618,0.2989227642276423,0.4316666666666666,0.0,1.2840447154471546,2.1371341463414635,0.5089227642276423,0.932337398373984,0.6033518034387748,0.5519111516144778,19.24333333333333,3.071036585365854,7.770426829268294,1.6625,5.166768292682928,2.046646341463415,5.5530487804878055,0.2112804878048781,0.7256097560975611,0.0,0.2134146341463415,0.1280487804878048,0.5548780487804879,0.1707317073170731,0.6850609756097567,0.0,0.0,0.5527439024390245,2.2621951219512195,0.9817073170731708,3.376219512195123,0.2134146341463415,0.8131097560975615,0.5121951219512195,1.4106707317073175,0.3803830227743271,0.8237322515212981,0.3102122015915119,0.7895833333333334,13.0,25.0
martija02,10.35587398373984,6.017012195121952,3.306361788617886,1.3696951219512197,0.8785569105691057,0.0,1.034918699186992,0.5154674796747968,2.393516260162602,5.667154471544716,0.6876219512195123,0.8614837398373986,0.4214916219359441,0.800900494510573,23.65333333333333,6.144207317073171,14.640243902439025,3.1564024390243905,8.965548780487806,1.8268292682926832,4.739939024390245,0.7234756097560977,2.1341463414634148,0.4246951219512196,1.4085365853658538,0.0,0.0,0.5121951219512195,1.5814024390243908,0.2560975609756097,0.853658536585366,1.1097560975609757,4.020731707317076,3.030487804878049,8.58140243902439,0.2987804878048781,1.1097560975609757,0.3841463414634146,1.3658536585365857,0.2753196930946291,0.5604132161209496,0.6,1.0,17.0,30.0
mcveija01,2.3844105691056914,1.56489837398374,0.5789227642276423,0.1261991869918699,0.0,0.2290650406504065,0.2339024390243902,0.455,0.570528455284553,1.6864024390243904,0.0,0.0,0.3383538269752194,,17.183333333333334,1.3231707317073171,3.670731707317073,0.6807926829268294,2.520426829268293,0.2560975609756097,0.9817073170731708,0.0,0.2560975609756097,0.0,0.0,0.0832317073170732,0.3841463414634146,0.0853658536585365,0.4289634146341469,0.2134146341463415,0.7682926829268293,0.1707317073170731,1.0670731707317074,0.8515243902439026,2.731707317073171,0.0,0.0,0.0,0.0,0.1513468013468013,0.5406874265569919,,,11.0,23.0
norrimi01,3.650670731707317,1.5119715447154471,1.629207317073171,0.0,0.4668089430894309,0.2226626016260162,0.0,0.4733536585365853,0.4961178861788619,1.8605487804878047,0.2358943089430894,0.4567073170731707,0.2676079733367827,0.5188818549591858,11.85,1.7926829268292683,6.020426829268294,0.5975609756097562,2.774390243902439,0.7661585365853659,2.689024390243903,0.0,0.0,0.1280487804878048,0.853658536585366,0.0426829268292682,0.426829268292683,0.0,0.0,0.1280487804878048,0.8963414634146342,0.0853658536585365,1.026524390243903,0.8045731707317075,3.2439024390243905,0.0426829268292682,0.5143292682926834,0.1280487804878048,0.853658536585366,0.0831666666666666,0.4894034209428452,0.1654761904761905,0.9366666666666674,6.950000000000001,17.0
okafoja01,0.9333333333333332,0.0,0.4666666666666667,0.4666666666666667,0.0,0.0,0.0,0.0,0.0,0.0,0.0,0.0,,,10.933333333333334,0.5079268292682928,1.3658536585365857,0.0,0.0,0.2539634146341464,0.6829268292682927,0.2539634146341464,0.6829268292682927,0.0,0.0,0.0,0.0,0.0,0.0,0.0,0.0,0.0,0.0,0.0,0.0,0.0,0.0,0.0,0.0,,,,,5.950000000000001,16.0
olivaqu01,1.605589430894309,0.8833943089430893,0.0,0.2821341463414634,0.0,0.0,0.2788617886178862,0.2795731707317073,0.2915243902439025,1.1547154471544714,0.0,0.0,0.2521015247965649,,10.796666666666669,0.8109756097560976,2.3902439024390247,0.3414634146341463,1.5387195121951225,0.0,0.0,0.0853658536585365,0.5121951219512195,0.0,0.0,0.0,0.0,0.0853658536585365,0.5121951219512195,0.0853658536585365,0.4716463414634151,0.0426829268292682,0.5548780487804879,0.5548780487804879,1.752134146341464,0.0,0.0,0.0,0.0,0.074074074074074,0.4621457489878544,,,5.950000000000001,16.0
paytoel01,25.03680894308944,5.170609756097562,4.509166666666666,9.494247967479676,1.4203455284552846,0.7271747967479676,3.2840243902439026,0.0478048780487804,2.322520325203252,6.790569105691058,0.3864227642276423,0.7034146341463415,0.3416342768051822,0.5482648117385863,29.92,18.389939024390245,31.82012195121952,3.2439024390243905,7.044817073170733,2.9024390243902443,6.274390243902439,6.314939024390244,12.640548780487809,0.853658536585366,2.091463414634146,0.426829268292683,1.0670731707317074,2.2621951219512195,4.485975609756099,0.0,0.1280487804878048,1.2804878048780488,3.457317073170732,4.735670731707318,9.1,0.1707317073170731,0.6829268292682927,0.426829268292683,1.1097560975609757,0.2244722026741731,0.44899438036084,0.3076923076923077,0.8,23.0,37.0
reeseal01,8.43400406504065,4.958191056910569,3.115284552845529,0.3091666666666666,0.7748373983739838,0.8047154471544716,0.42369918699187,1.0229674796747967,1.624939024390244,3.4442276422764238,0.570528455284553,0.87869918699187,0.4717654822799365,0.6490720474920624,21.81,5.328963414634147,11.78048780487805,3.071036585365854,7.343597560975611,1.7926829268292683,4.524390243902439,0.1280487804878048,0.5121951219512195,0.3841463414634146,1.1951219512195124,0.426829268292683,1.2399390243902444,0.2112804878048781,0.6829268292682927,0.5954268292682928,1.5387195121951225,0.7682926829268293,2.5609756097560976,2.0893292682926834,5.121951219512195,0.2560975609756097,0.9390243902439024,0.4695121951219512,1.3658536585365857,0.3298726500909642,0.6166843971631206,0.4117647058823529,0.8637878787878789,15.0,28.05000000000001
robbili01,2.6940040650406507,0.8791260162601626,1.091117886178862,0.2102845528455285,0.2013211382113821,0.208150406504065,0.5740853658536587,0.0,0.2489837398373984,0.7432520325203252,0.5259959349593496,1.033922764227642,0.3364607801385529,0.5084854610287376,21.01,1.5323170731707318,4.01219512195122,0.3841463414634146,1.3658536585365857,0.5121951219512195,1.7500000000000002,0.0426829268292682,0.3841463414634146,0.0426829268292682,0.3841463414634146,0.0853658536585365,0.3841463414634146,0.2560975609756097,0.9390243902439024,0.0,0.0,0.0832317073170732,0.5121951219512195,0.3841463414634146,1.2378048780487805,0.1707317073170731,0.9390243902439024,0.4695121951219512,1.707317073170732,0.1175339366515837,0.5833333333333334,0.227199413489736,0.7696581196581198,14.0,28.0
roweja01,4.1675609756097565,2.5528658536585365,1.329288617886179,0.5045121951219513,0.4633943089430896,0.0,0.1542276422764227,0.4407723577235773,0.8744308943089433,1.872357723577236,0.3811585365853659,0.7478048780487805,0.4670075128433908,0.5077478913572063,15.416666666666666,2.601524390243903,5.847560975609756,1.4085365853658538,3.928963414634147,0.6402439024390244,2.091463414634146,0.2560975609756097,0.853658536585366,0.2134146341463415,0.7256097560975611,0.0,0.0,0.0426829268292682,0.2987804878048781,0.1707317073170731,0.7256097560975611,0.3841463414634146,1.451219512195122,1.0670731707317074,2.731707317073171,0.1280487804878048,0.6850609756097567,0.339329268292683,1.154573170731708,0.282970488630866,0.6523238380809596,0.2305944055944056,0.7692307692307693,10.0,20.05000000000001
simsja01,6.659532520325203,4.321077235772358,0.7041260162601627,1.2264227642276424,0.3219715447154471,0.1428455284552845,0.8345934959349594,0.6445121951219512,1.2322560975609758,2.9065650406504067,1.1693699186991873,1.561056910569106,0.4232164281670685,0.7470745540927916,14.306666666666668,3.796646341463415,9.304878048780488,2.2600609756097563,6.317073170731708,0.3414634146341463,1.1097560975609757,0.6402439024390244,1.8353658536585369,0.1280487804878048,0.5548780487804879,0.0426829268292682,0.2560975609756097,0.426829268292683,1.2804878048780488,0.2987804878048781,1.024390243902439,0.5527439024390245,2.050914634146342,1.5750000000000002,4.398475609756098,0.5548780487804879,1.8353658536585369,0.8109756097560976,2.3902439024390247,0.2560833806012478,0.5918105406633349,0.5353991596638655,0.9019846963175514,9.0,20.0
watsoan02,1.4442479674796749,0.8378658536585366,0.3189837398373983,0.230630081300813,0.1280487804878048,0.0,0.2398780487804878,0.0,0.408760162601626,0.8774186991869919,0.0,0.0,0.4664606935023913,,16.746666666666666,0.7256097560975611,2.0935975609756103,0.3841463414634146,1.3231707317073171,0.1280487804878048,0.5548780487804879,0.0832317073170732,0.3841463414634146,0.0,0.2560975609756097,0.0,0.0,0.0853658536585365,0.426829268292683,0.0,0.0,0.1280487804878048,0.8109756097560976,0.3841463414634146,1.3679878048780494,0.0,0.0,0.0,0.0,0.2256272401433691,0.7274475524475525,,,11.0,23.0
wheelph02,4.399756097560976,1.239939024390244,1.0783130081300816,0.3726219512195122,0.1658943089430894,0.3696341463414634,0.163760162601626,0.0,0.4766260162601627,2.7287195121951218,0.3744715447154471,0.3744715447154471,0.1748593860472971,1.0,14.103333333333332,2.2152439024390245,6.829268292682928,0.5121951219512195,2.1341463414634148,0.4695121951219512,1.878048780487805,0.1280487804878048,0.6829268292682927,0.0426829268292682,0.300914634146342,0.0853658536585365,0.6829268292682927,0.0426829268292682,0.3414634146341463,0.0,0.0,0.0853658536585365,0.9817073170731708,1.2783536585365851,4.6972560975609765,0.1280487804878048,0.6829268292682927,0.1280487804878048,0.6829268292682927,0.0565513626834381,0.3333333333333333,1.0,1.0,9.0,20.0
